pais,fecha,anio,nota_no,fuente,url_pagina,url_pdf
Perú,2014-01-28,2014,,notif_oea_art27,,http://www.oas.org/es/sla/ddi/docs/tratados_multilaterales_suspencion_garantias_Peru_No_7-5M-273.pdf
Perú,2014-06-18,2014,,notif_oea_art27,,http://www.oas.org/es/sla/ddi/docs/tratados_multilaterales_suspencion_garantias_Peru_No_7-5M-271.pdf
Perú,2014-08-08,2014,,notif_oea_art27,,http://www.oas.org/es/sla/ddi/docs/tratados_multilaterales_suspencion_garantias_Peru_No_7-5M-323.pdf
Perú,2014-09-19,2014,,notif_oea_art27,,http://www.oas.org/es/sla/ddi/docs/tratados_multilaterales_suspencion_garantias_Peru_No_7-5M-359_eng.pdf
Perú,2014-11-07,2014,,notif_oea_art27,,http://www.oas.org/es/sla/ddi/docs/tratados_multilaterales_suspencion_garantias_Peru_No_7-5M-357_eng.pdf
Guatemala,2014-12-12,2014,,notif_oea_art27,,
Perú,2015-02-04,2015,,notif_oea_art27,,http://www.oas.org/es/sla/ddi/docs/tratados_multilaterales_suspencion_garantias_Peru_No_7-5M-374.pdf
Perú,2015-06-02,2015,,notif_oea_art27,,http://www.oas.org/es/sla/ddi/docs/tratados_multilaterales_suspencion_garantias_Peru_No_7-5M-412.pdf
Perú,2015-10-21,2015,,notif_oea_art27,,http://www.oas.org/es/sla/ddi/docs/tratados_multilaterales_suspencion_garantias_Peru_No_7-5M-412.pdf
Colombia,2015-10-23,2015,,notif_oea_art27,,http://www.oas.org/es/sla/ddi/docs/tratados_multilaterales_suspencion_garantias_Colombia_No_1390-2015.pdf
Perú,2015-11-05,2015,,notif_oea_art27,,http://www.oas.org/es/sla/ddi/docs/tratados_multilaterales_suspencion_garantias_Peru_No_7-5M-414.pdf
Perú,2015-12-11,2015,,notif_oea_art27,,http://www.oas.org/es/sla/ddi/docs/tratados_multilaterales_suspencion_garantias_Peru_No_7-5M-412.pdf
Perú,2016-03-22,2016,,notif_oea_art27,,http://www.oas.org/es/sla/ddi/docs/tratados_multilaterales_suspencion_garantias_Peru_No_7-5M-033_No_7-5M-035.pdf
Ecuador,2016-04-19,2016,,notif_oea_art27,,http://www.oas.org/es/sla/ddi/docs/tratados_multilaterales_suspencion_garantias_Ecuador_No_4-2-149-2016.pdf
Perú,2016-06-22,2016,,notif_oea_art27,,http://www.oas.org/es/sla/ddi/docs/tratados_multilaterales_suspencion_garantias_Peru_No_7-5-M-103_No_7-5-M-105_No_7-5-M-107.pdf
Perú,2016-07-19,2016,,notif_oea_art27,,http://www.oas.org/es/sla/ddi/docs/tratados_multilaterales_suspencion_garantias_Peru_No_7-5-M-132_No_7-5-M-134_No_7-5-M-136.pdf
Perú,2016-09-04,2016,,notif_oea_art27,,http://www.oas.org/es/sla/ddi/docs/tratados_multilaterales_suspencion_garantias_Peru_No_7-5-M-176_No_7-5-M-178.pdf
Perú,2016-11-02,2016,,notif_oea_art27,,http://www.oas.org/es/sla/ddi/docs/tratados_multilaterales_suspencion_garantias_Peru_No_7-5M-216.pdf
Ecuador,2016-11-11,2016,,notif_oea_art27,,http://www.oas.org/es/sla/ddi/docs/tratados_multilaterales_suspencion_garantias_Ecuador_No_4-2-248-2016.pdf
Ecuador,2017-01-12,2017,,notif_oea_art27,,http://www.oas.org/es/sla/ddi/docs/tratados_multilaterales_suspencion_garantias_Ecuador_No-T-02-SGJ-17-0163.pdf
Ecuador,2017-01-23,2017,,notif_oea_art27,,http://www.oas.org/es/sla/ddi/docs/tratados_multilaterales_suspencion_garantias_Ecuador_No-T-02-SGJ-17-0162.pdf
Guatemala,2017-06-19,2017,,notif_oea_art27,,
Perú,2017-06-21,2017,,notif_oea_art27,,http://www.oas.org/es/sla/ddi/docs/tratados_multilaterales_suspencion_garantias_Peru_No_7-5-M-137.pdf
Perú,2017-06-27,2017,,notif_oea_art27,,http://www.oas.org/es/sla/ddi/docs/tratados_multilaterales_suspencion_garantias_Peru_No_7-5-M-167.pdf
Guatemala,2017-07-18,2017,,notif_oea_art27,,http://www.oas.org/es/sla/ddi/docs/tratados_multilaterales_suspencion_garantias_Guatemala_No_MV-M12-352-2017.pdf
Perú,2017-08-04,2017,7-5-M/165 y No. 7-5-M/167,notif_oea_art27,,http://www.oas.org/es/sla/ddi/docs/tratados_multilaterales_suspencion_garantias_Peru_No_7-5-M-165.pdf
Honduras,2017-12-02,2017,098/MHOEA/2017,notif_oea_art27,,
Honduras,2017-12-13,2017,,notif_oea_art27,,http://www.oas.org/es/sla/ddi/docs/tratados_multilaterales_suspencion_garantias_Honduras_No_SG-098-MHOEA-2017.pdf
Perú,2018-01-16,2018,7-5-M/006,notif_oea_art27,,http://www.oas.org/es/sla/ddi/docs/tratados_multilaterales_suspencion_garantias_Peru_No_7-5-M-006.pdf
Jamaica,2018-01-24,2018,,notif_oea_art27,,
Ecuador,2018-03-30,2018,4-2-104-2018,notif_oea_art27,,http://www.oas.org/es/sla/ddi/docs/tratados_multilaterales_suspencion_garantias_Ecuador_No_4-2-104-2018.pdf
Ecuador,2018-04-30,2018,4-2-136-2018 con su respectivo anexo,notif_oea_art27,,http://www.oas.org/es/sla/ddi/docs/tratados_multilaterales_suspencion_garantias_Ecuador_No_4-2-136-2018.pdf
Perú,2018-05-22,2018,7-5-M/91,notif_oea_art27,,http://www.oas.org/es/sla/ddi/docs/tratados_multilaterales_suspencion_garantias_Peru_No_7-5-M-091.pdf
Perú,2019-01-16,2019,7-5-M/005,notif_oea_art27,,http://www.oas.org/es/sla/ddi/docs/tratados_multilaterales_suspencion_garantias_Peru_No_7-5-M-005.pdf
Perú,2019-05-02,2019,7-5-M/104,notif_oea_art27,,http://www.oas.org/es/sla/ddi/docs/tratados_multilaterales_suspencion_garantias_Peru_No_7-5-M-104.pdf
Ecuador,2019-07-03,2019,4-2-191-2019,notif_oea_art27,,http://www.oas.org/es/sla/ddi/docs/tratados_multilaterales_suspencion_garantias_Ecuador_No_4-2-210-2019.pdf
Ecuador,2019-07-17,2019,4-2-210-2019,notif_oea_art27,,http://www.oas.org/es/sla/ddi/docs/tratados_multilaterales_suspencion_garantias_Ecuador_nota_No_4-2-295-2019.pdf
Perú,2019-07-23,2019,7-5-M/156,notif_oea_art27,,http://www.oas.org/es/sla/ddi/docs/tratados_multilaterales_suspencion_garantias_Peru_No_7-5-M-156_2019.pdf
Guatemala,2019-09-06,2019,,notif_oea_art27,,http://www.oas.org/es/sla/ddi/docs/tratados_multilaterales_suspencion_garantias_Guatemala_nota_MV-M12-No_461-2019.pdf
Perú,2019-10-04,2019,7-5-M/194,notif_oea_art27,,http://www.oas.org/es/sla/ddi/docs/tratados_multilaterales_suspencion_garantias_Peru_nota_No_7-5-M-194-2019.pdf
Ecuador,2019-10-09,2019,4-2-307/2019,notif_oea_art27,,http://www.oas.org/es/sla/ddi/docs/tratados_multilaterales_suspencion_garantias_Ecuador_nota_No_4-2-307-2019.pdf
Chile,2019-10-21,2019,155/19,notif_oea_art27,,http://www.oas.org/es/sla/ddi/docs/tratados_multilaterales_suspencion_garantias_Chile_nota_No_155-2019.pdf
Perú,2019-10-25,2019,7-5-M/204,notif_oea_art27,,http://www.oas.org/es/sla/ddi/docs/tratados_multilaterales_suspencion_garantias_Peru_No_7-5-M-204_2019.pdf
Chile,2019-10-28,2019,162/19,notif_oea_art27,,http://www.oas.org/es/sla/ddi/docs/tratados_multilaterales_suspencion_garantias_Chile_nota_No_162-2019.pdf
Ecuador,2019-11-13,2019,4-2-351/2019,notif_oea_art27,,http://www.oas.org/es/sla/ddi/docs/tratados_multilaterales_suspencion_garantias_Ecuador_nota_No_4-2-351-2019.pdf
Perú,2019-12-20,2019,7-5-M/225 nota 7-5-M/225,notif_oea_art27,,http://www.oas.org/es/sla/ddi/docs/tratados_multilaterales_suspencion_garantias_Peru_No_7-5-M-225_2019.pdf
Guatemala,2020-01-21,2020,,notif_oea_art27,,
Ecuador,2020-03-17,2020,4-2-073/2020,notif_oea_art27,,http://www.oas.org/es/sla/ddi/docs/tratados_multilaterales_suspencion_garantias_Ecuador_nota_No_4-2-073-2020.pdf
Colombia,2020-03-19,2020,377/2020,notif_oea_art27,,http://www.oas.org/es/sla/ddi/docs/tratados_multilaterales_suspencion_garantias_Colombia_nota_No_377-2020.pdf
Guatemala,2020-03-23,2020,Ref. NV-OEA-M4-No.182-2020,notif_oea_art27,,http://www.oas.org/es/sla/ddi/docs/tratados_multilaterales_suspencion_garantias_Guatemala_nota_No_182-2020.pdf
Ecuador,2020-03-24,2020,4-2-077/2020,notif_oea_art27,,http://www.oas.org/es/sla/ddi/docs/tratados_multilaterales_suspencion_garantias_Ecuador_nota_No_4-2-077-2020.pdf
Bolivia,2020-03-25,2020,MPB-OEA-NV085-20,notif_oea_art27,,http://www.oas.org/es/sla/ddi/docs/tratados_multilaterales_suspencion_garantias_Bolivia_nota_No_NV085-20.pdf
Colombia,2020-03-25,2020,389/2020,notif_oea_art27,,http://www.oas.org/es/sla/ddi/docs/tratados_multilaterales_suspencion_garantias_Colombia_nota_No_389-2020.pdf
Chile,2020-03-26,2020,032-2020,notif_oea_art27,,http://www.oas.org/es/sla/ddi/docs/tratados_multilaterales_suspencion_garantias_Chile_nota_No_32-2020.pdf
Panamá,2020-03-26,2020,PANA-OEA-7-121,notif_oea_art27,,http://www.oas.org/es/sla/ddi/docs/tratados_multilaterales_suspencion_garantias_Panama_nota_No_7-121-2020.pdf
Honduras,2020-03-26,2020,056/MPHOEA/2020,notif_oea_art27,,http://www.oas.org/es/sla/ddi/docs/tratados_multilaterales_suspencion_garantias_Honduras_nota_No_56-2020.pdf
Bolivia,2020-03-26,2020,MPB-OEA-NV087-20,notif_oea_art27,,http://www.oas.org/es/sla/ddi/docs/tratados_multilaterales_suspencion_garantias_Bolivia_nota_No_NV087-20.pdf
Argentina,2020-03-27,2020,039,notif_oea_art27,,http://www.oas.org/es/sla/ddi/docs/tratados_multilaterales_suspencion_garantias_Argentina_nota_No_39-2020.pdf
Guatemala,2020-03-27,2020,Ref. NV-OEA-M4-No.190-2020,notif_oea_art27,,http://www.oas.org/es/sla/ddi/docs/tratados_multilaterales_suspencion_garantias_Guatemala_nota_No_190-2020.pdf
República Dominicana,2020-03-30,2020,MPRD-OEA 0300-2020,notif_oea_art27,,http://www.oas.org/es/sla/ddi/docs/tratados_multilaterales_suspencion_garantias_Republica_Dominicana_nota_MPRD-OEA_0300-2020.pdf
Perú,2020-03-30,2020,7-5-M/045,notif_oea_art27,,http://www.oas.org/es/sla/ddi/docs/tratados_multilaterales_suspencion_garantias_Peru_nota_No_7-5-M-045-2020.pdf
Bolivia,2020-03-30,2020,MPB-OEA-NV089-20,notif_oea_art27,,http://www.oas.org/es/sla/ddi/docs/tratados_multilaterales_suspencion_garantias_Bolivia_nota_No_NV089-20.pdf
Argentina,2020-04-01,2020,OEA 042,notif_oea_art27,,http://www.oas.org/es/sla/ddi/docs/tratados_multilaterales_suspencion_garantias_Argentina_nota_No_42-2020.pdf
El Salvador,2020-04-01,2020,MPOEA- OEA-024/2020,notif_oea_art27,,
República Dominicana,2020-04-03,2020,MPRD-OEA 0315-2020,notif_oea_art27,,http://www.oas.org/es/sla/ddi/docs/tratados_multilaterales_suspencion_garantias_Republica_Dominicana_nota_MPRD-OEA_0315-2020.pdf
Colombia,2020-04-03,2020,MPC/OEA No. 412/2020,notif_oea_art27,,http://www.oas.org/es/sla/ddi/docs/tratados_multilaterales_suspencion_garantias_Colombia_nota_MPC-OEA_No_412-2020.pdf
Honduras,2020-04-08,2020,057/MPHOEA/2020,notif_oea_art27,,http://www.oas.org/es/sla/ddi/docs/tratados_multilaterales_suspencion_garantias_Honduras_nota_No_57-2020.pdf
Colombia,2020-04-08,2020,MPC/OEA No. 424/2020,notif_oea_art27,,http://www.oas.org/es/sla/ddi/docs/tratados_multilaterales_suspencion_garantias_Colombia_nota_MPC-OEA_No_424-2020.pdf
Colombia,2020-04-13,2020,MPC/OEA No. 428/2020,notif_oea_art27,,http://www.oas.org/es/sla/ddi/docs/tratados_multilaterales_suspencion_garantias_Colombia_nota_MPC-OEA_No_428-2020.pdf
República Dominicana,2020-04-16,2020,MPRD-OEA 0365-2020,notif_oea_art27,,http://www.oas.org/es/sla/ddi/docs/tratados_multilaterales_suspencion_garantias_Republica_Dominicana_nota_MPRD-OEA_0365-2020.pdf
Colombia,2020-04-16,2020,MPC/OEA No. 450/2020,notif_oea_art27,,http://www.oas.org/es/sla/ddi/docs/tratados_multilaterales_suspencion_garantias_Colombia_nota_MPC-OEA_No_450-2020.pdf
Colombia,2020-04-17,2020,MPC/OEA No. 471/2020,notif_oea_art27,,http://www.oas.org/es/sla/ddi/docs/tratados_multilaterales_suspencion_garantias_Colombia_nota_MPC-OEA_No_471-2020.pdf
República Dominicana,2020-04-20,2020,MPRD-OEA 0400-2020,notif_oea_art27,,http://www.oas.org/es/sla/ddi/docs/tratados_multilaterales_suspencion_garantias_Republica_Dominicana_nota_MPRD-OEA_0400-2020.pdf
Bolivia,2020-04-20,2020,MPB-OEA-NV096-20,notif_oea_art27,,http://www.oas.org/es/sla/ddi/docs/tratados_multilaterales_suspencion_garantias_Bolivia_nota_No_NV096-20.pdf
Perú,2020-04-27,2020,7-5-M/047,notif_oea_art27,,http://www.oas.org/es/sla/ddi/docs/tratados_multilaterales_suspencion_garantias_Peru_nota_No_7-5-M-047-2020.pdf
Colombia,2020-04-27,2020,MPC/OEA No. 496.1/2020,notif_oea_art27,,http://www.oas.org/es/sla/ddi/docs/tratados_multilaterales_suspencion_garantias_Colombia_nota_MPC-OEA_No_496_1-2020.pdf
Guatemala,2020-04-29,2020,Ref. NV-OEA-M4-No.266-2020,notif_oea_art27,,http://www.oas.org/es/sla/ddi/docs/tratados_multilaterales_suspencion_garantias_Guatemala_nota_No_266-2020.pdf
República Dominicana,2020-04-30,2020,MPRD-OEA 0491-2020,notif_oea_art27,,http://www.oas.org/es/sla/ddi/docs/tratados_multilaterales_suspencion_garantias_Republica_Dominicana_nota_MPRD-OEA_0491-2020.pdf
República Dominicana,2020-04-30,2020,MPRD-OEA 0489-2020,notif_oea_art27,,http://www.oas.org/es/sla/ddi/docs/tratados_multilaterales_suspencion_garantias_Republica_Dominicana_nota_MPRD-OEA_0489-2020.pdf
República Dominicana,2020-05-01,2020,MPRD-OEA 0496-2020,notif_oea_art27,,http://www.oas.org/es/sla/ddi/docs/tratados_multilaterales_suspencion_garantias_Republica_Dominicana_nota_MPRD-OEA_0496-2020.pdf
Bolivia,2020-05-04,2020,MPB-OEA-NV102-20,notif_oea_art27,,http://www.oas.org/es/sla/ddi/docs/tratados_multilaterales_suspencion_garantias_Bolivia_nota_No_NV102-20.pdf
Suriname,2020-05-04,2020,PVOSA/SUR/191/20,notif_oea_art27,,http://www.oas.org/es/sla/ddi/docs/tratados_multilaterales_suspencion_garantias_Suriname_nota_No_PVOSA-SUR-191-20.pdf
Perú,2020-05-06,2020,7-5-M/049,notif_oea_art27,,http://www.oas.org/es/sla/ddi/docs/tratados_multilaterales_suspencion_garantias_Peru_nota_No_7-5-M-049-2020.pdf
Colombia,2020-05-07,2020,MPC/OEA No. 591.1/2020,notif_oea_art27,,http://www.oas.org/es/sla/ddi/docs/tratados_multilaterales_suspencion_garantias_Colombia_nota_MPC-OEA_No_591_1-2020.pdf
Paraguay,2020-05-08,2020,292-20-MPP-OEA,notif_oea_art27,,http://www.oas.org/es/sla/ddi/docs/tratados_multilaterales_suspencion_garantias_Paraguay_nota_292-20-MPP-OEA.pdf
Colombia,2020-05-13,2020,MPC/OEA No. 617/2020,notif_oea_art27,,http://www.oas.org/es/sla/ddi/docs/tratados_multilaterales_suspencion_garantias_Colombia_nota_MPC-OEA_No_617-2020.pdf
Colombia,2020-05-14,2020,MPC/OEA No. 620/2020,notif_oea_art27,,http://www.oas.org/es/sla/ddi/docs/tratados_multilaterales_suspencion_garantias_Colombia_nota_MPC-OEA_No_620-2020.pdf
Ecuador,2020-05-16,2020,4-2-136/2020,notif_oea_art27,,http://www.oas.org/es/sla/ddi/docs/tratados_multilaterales_suspencion_garantias_Ecuador_nota_No_4-2-136-2020.pdf
Guatemala,2020-05-16,2020,NV-OEA-M4-318-2020,notif_oea_art27,,http://www.oas.org/es/sla/ddi/docs/tratados_multilaterales_suspencion_garantias_Guatemala_nota_No_NV-OEA-M4-318-2020.pdf
República Dominicana,2020-05-18,2020,MPRD-OEA 0632-2020,notif_oea_art27,,http://www.oas.org/es/sla/ddi/docs/tratados_multilaterales_suspencion_garantias_Republica_Dominicana_nota_MPRD-OEA_0632-2020.pdf
Honduras,2020-05-18,2020,059/MPHOEA/2020,notif_oea_art27,,http://www.oas.org/es/sla/ddi/docs/tratados_multilaterales_suspencion_garantias_Honduras_nota_No_059-MPHOEA-2020.pdf
Colombia,2020-05-18,2020,MPC/OEA No. 636/2020,notif_oea_art27,,http://www.oas.org/es/sla/ddi/docs/tratados_multilaterales_suspencion_garantias_Colombia_nota_MPC-OEA_No_636-2020.pdf
Bolivia,2020-05-19,2020,MPB-OEA-NV108-20,notif_oea_art27,,http://www.oas.org/es/sla/ddi/docs/tratados_multilaterales_suspencion_garantias_Bolivia_nota_No_NV108-20.pdf
Colombia,2020-05-21,2020,MPC/OEA No. 653/2020,notif_oea_art27,,http://www.oas.org/es/sla/ddi/docs/tratados_multilaterales_suspencion_garantias_Colombia_nota_MPC-OEA_No_653-2020.pdf
Colombia,2020-05-21,2020,MPC/OEA No. 650.1/2020,notif_oea_art27,,http://www.oas.org/es/sla/ddi/docs/tratados_multilaterales_suspencion_garantias_Colombia_nota_MPC-OEA_No_650_1-2020.pdf
Colombia,2020-05-22,2020,MPC/OEA No. 672/2020,notif_oea_art27,,http://www.oas.org/es/sla/ddi/docs/tratados_multilaterales_suspencion_garantias_Colombia_nota_MPC-OEA_No_672-2020.pdf
Colombia,2020-05-26,2020,MPC/OEA No. 674.1/2020,notif_oea_art27,,http://www.oas.org/es/sla/ddi/docs/tratados_multilaterales_suspencion_garantias_Colombia_nota_MPC-OEA_No_674_1-2020.pdf
Paraguay,2020-05-28,2020,324-20-MPP-OEA,notif_oea_art27,,http://www.oas.org/es/sla/ddi/docs/tratados_multilaterales_suspencion_garantias_Paraguay_nota_324-20-MPP-OEA.pdf
Argentina,2020-05-29,2020,71,notif_oea_art27,,http://www.oas.org/es/sla/ddi/docs/tratados_multilaterales_suspencion_garantias_Argentina_nota_No_71-2020.pdf
Colombia,2020-06-01,2020,MPC/OEA No. 697/2020,notif_oea_art27,,http://www.oas.org/es/sla/ddi/docs/tratados_multilaterales_suspencion_garantias_Colombia_nota_MPC-OEA_No_697-2020.pdf
República Dominicana,2020-06-02,2020,MPRD-OEA 0763-2020,notif_oea_art27,,http://www.oas.org/es/sla/ddi/docs/tratados_multilaterales_suspencion_garantias_Republica_Dominicana_nota_MPRD-OEA_0763-2020.pdf
Guatemala,2020-06-03,2020,NV-OEA-M4-371-2020,notif_oea_art27,,http://www.oas.org/es/sla/ddi/docs/tratados_multilaterales_suspencion_garantias_Guatemala_nota_No_NV-OEA-M4-371-2020.pdf
Guatemala,2020-06-03,2020,NV-OEA-M4-368-2020,notif_oea_art27,,http://www.oas.org/es/sla/ddi/docs/tratados_multilaterales_suspencion_garantias_Guatemala_nota_No_NV-OEA-M4-368-2020.pdf
Panamá,2020-06-03,2020,PANA-OEA-7-151,notif_oea_art27,,http://www.oas.org/es/sla/ddi/docs/tratados_multilaterales_suspencion_garantias_Panama_nota_No_7-151-2020.pdf
Colombia,2020-06-04,2020,MPC/OEA No. 724/2020,notif_oea_art27,,http://www.oas.org/es/sla/ddi/docs/tratados_multilaterales_suspencion_garantias_Colombia_nota_MPC-OEA_No_724-2020.pdf
Argentina,2020-06-08,2020,79,notif_oea_art27,,http://www.oas.org/es/sla/ddi/docs/tratados_multilaterales_suspencion_garantias_Argentina_nota_No_79-2020.pdf
Perú,2020-06-08,2020,7-5-M/054,notif_oea_art27,,http://www.oas.org/es/sla/ddi/docs/tratados_multilaterales_suspencion_garantias_Peru_nota_No_7-5-M-054-2020.pdf
Panamá,2020-06-08,2020,PANA-OEA-7-160,notif_oea_art27,,http://www.oas.org/es/sla/ddi/docs/tratados_multilaterales_suspencion_garantias_Panama_nota_No_7-160-2020.pdf
Venezuela,2020-06-08,2020,MP-RBV/OEA 099-2020,notif_oea_art27,,http://www.oas.org/es/sla/ddi/docs/tratados_multilaterales_suspencion_garantias_Venezuela_nota_MP-RBV-OEA_099-2020.pdf
Colombia,2020-06-12,2020,MPC/OEA No. 727/2020 de fecha 5 de junio 2020,notif_oea_art27,,http://www.oas.org/es/sla/ddi/docs/tratados_multilaterales_suspencion_garantias_Colombia_nota_MPC-OEA_No_727-2020.pdf
República Dominicana,2020-06-14,2020,MPRD-OEA 0838-2020,notif_oea_art27,,http://www.oas.org/es/sla/ddi/docs/tratados_multilaterales_suspencion_garantias_Republica_Dominicana_nota_MPRD-OEA_0838-2020.pdf
Paraguay,2020-06-15,2020,373-20-MPP-OEA,notif_oea_art27,,http://www.oas.org/es/sla/ddi/docs/tratados_multilaterales_suspencion_garantias_Paraguay_nota_373-20-MPP-OEA.pdf
Ecuador,2020-06-16,2020,4-2-162/2020,notif_oea_art27,,http://www.oas.org/es/sla/ddi/docs/tratados_multilaterales_suspencion_garantias_Ecuador_nota_No_4-2-162-2020.pdf
Chile,2020-06-18,2020,52-2020,notif_oea_art27,,http://www.oas.org/es/sla/ddi/docs/tratados_multilaterales_suspencion_garantias_Chile_nota_No_52-2020.pdf
República Dominicana,2020-06-28,2020,MPRD-OEA 0919-2020,notif_oea_art27,,http://www.oas.org/es/sla/ddi/docs/tratados_multilaterales_suspencion_garantias_Republica_Dominicana_nota_MPRD-OEA_0919-2020.pdf
Argentina,2020-06-30,2020,90,notif_oea_art27,,http://www.oas.org/es/sla/ddi/docs/tratados_multilaterales_suspencion_garantias_Argentina_nota_No_90-2020.pdf
República Dominicana,2020-07-01,2020,MPRD-OEA 0930-2020,notif_oea_art27,,http://www.oas.org/es/sla/ddi/docs/tratados_multilaterales_suspencion_garantias_Republica_Dominicana_nota_MPRD-OEA_0930-2020.pdf
Bolivia,2020-07-01,2020,MPB-OEA-NV127-20,notif_oea_art27,,http://www.oas.org/es/sla/ddi/docs/tratados_multilaterales_suspencion_garantias_Bolivia_nota_No_NV127-20.pdf
Guatemala,2020-07-03,2020,NV-OEA-M4-485-2020,notif_oea_art27,,http://www.oas.org/es/sla/ddi/docs/tratados_multilaterales_suspencion_garantias_Guatemala_nota_No_NV-OEA-M4-485-2020.pdf
Paraguay,2020-07-06,2020,431-20-MPP-OEA,notif_oea_art27,,http://www.oas.org/es/sla/ddi/docs/tratados_multilaterales_suspencion_garantias_Paraguay_nota_431-20-MPP-OEA.pdf
Honduras,2020-07-06,2020,066/MPHOEA/2020,notif_oea_art27,,http://www.oas.org/es/sla/ddi/docs/tratados_multilaterales_suspencion_garantias_Honduras_nota_No_066-MPHOEA-2020.pdf
Perú,2020-07-10,2020,7-5-M/063,notif_oea_art27,,http://www.oas.org/es/sla/ddi/docs/tratados_multilaterales_suspencion_garantias_Peru_nota_No_7-5-M-063-2020.pdf
Jamaica,2020-07-16,2020,6/80/2,notif_oea_art27,,http://www.oas.org/es/sla/ddi/docs/tratados_multilaterales_suspencion_garantias_Jamaica_nota_No_6-80-2.pdf
República Dominicana,2020-07-20,2020,MPRD-OEA 1005-2020,notif_oea_art27,,http://www.oas.org/es/sla/ddi/docs/tratados_multilaterales_suspencion_garantias_Republica_Dominicana_nota_MPRD-OEA_1005-2020.pdf
República Dominicana,2020-07-20,2020,MPRD-OEA 1003-2020,notif_oea_art27,,http://www.oas.org/es/sla/ddi/docs/tratados_multilaterales_suspencion_garantias_Republica_Dominicana_nota_MPRD-OEA_1003-2020.pdf
Argentina,2020-07-21,2020,101,notif_oea_art27,,http://www.oas.org/es/sla/ddi/docs/tratados_multilaterales_suspencion_garantias_Argentina_nota_No_101-2020.pdf
Panamá,2020-07-21,2020,PANA-OEA-7-182,notif_oea_art27,,http://www.oas.org/es/sla/ddi/docs/tratados_multilaterales_suspencion_garantias_Panama_nota_No_7-182-2020.pdf
Paraguay,2020-07-23,2020,490-20-MPP-OEA,notif_oea_art27,,http://www.oas.org/es/sla/ddi/docs/tratados_multilaterales_suspencion_garantias_Paraguay_nota_490-20-MPP-OEA.pdf
Guatemala,2020-07-23,2020,NV-OEA-M4-529-2020,notif_oea_art27,,http://www.oas.org/es/sla/ddi/docs/tratados_multilaterales_suspencion_garantias_Guatemala_nota_No_NV-OEA-M4-529-2020.pdf
Guatemala,2020-07-31,2020,NV-OEA-M4-564-2020,notif_oea_art27,,http://www.oas.org/es/sla/ddi/docs/tratados_multilaterales_suspencion_garantias_Guatemala_nota_No_NV-OEA-M4-564-2020.pdf
Argentina,2020-08-03,2020,113,notif_oea_art27,,http://www.oas.org/es/sla/ddi/docs/tratados_multilaterales_suspencion_garantias_Argentina_nota_No_113-2020.pdf
Paraguay,2020-08-03,2020,556-20-MPP-OEA,notif_oea_art27,,http://www.oas.org/es/sla/ddi/docs/tratados_multilaterales_suspencion_garantias_Paraguay_nota_556-20-MPP-OEA.pdf
República Dominicana,2020-08-08,2020,MPRD-OEA 01061-2020,notif_oea_art27,,http://www.oas.org/es/sla/ddi/docs/tratados_multilaterales_suspencion_garantias_Republica_Dominicana_nota_MPRD-OEA_01061-2020.pdf
Ecuador,2020-08-13,2020,4-2-320/2020,notif_oea_art27,,http://www.oas.org/es/sla/ddi/docs/tratados_multilaterales_suspencion_garantias_Ecuador_nota_No_4-2-320-2020.pdf
Paraguay,2020-08-14,2020,581-20-MPP-OEA,notif_oea_art27,,http://www.oas.org/es/sla/ddi/docs/tratados_multilaterales_suspencion_garantias_Paraguay_nota_581-20-MPP-OEA.pdf
Ecuador,2020-08-16,2020,4-2-321/2020,notif_oea_art27,,http://www.oas.org/es/sla/ddi/docs/tratados_multilaterales_suspencion_garantias_Ecuador_nota_No_4-2-321-2020.pdf
Perú,2020-08-17,2020,7-5-M/075,notif_oea_art27,,http://www.oas.org/es/sla/ddi/docs/tratados_multilaterales_suspencion_garantias_Peru_nota_No_7-5-M-075-2020.pdf
Argentina,2020-08-20,2020,122,notif_oea_art27,,http://www.oas.org/es/sla/ddi/docs/tratados_multilaterales_suspencion_garantias_Argentina_nota_No_122-2020.pdf
Guatemala,2020-08-21,2020,NV-OEA-M4-632-2020,notif_oea_art27,,http://www.oas.org/es/sla/ddi/docs/tratados_multilaterales_suspencion_garantias_Guatemala_nota_No_NV-OEA-M4-632-2020.pdf
Paraguay,2020-08-24,2020,600-20-MPP-OEA,notif_oea_art27,,http://www.oas.org/es/sla/ddi/docs/tratados_multilaterales_suspencion_garantias_Paraguay_nota_600-20-MPP-OEA.pdf
Panamá,2020-08-24,2020,PANA-OEA-7-182,notif_oea_art27,,http://www.oas.org/es/sla/ddi/docs/tratados_multilaterales_suspencion_garantias_Panama_nota_No_7-199-2020.pdf
Paraguay,2020-08-31,2020,615-20-MPP-OEA,notif_oea_art27,,http://www.oas.org/es/sla/ddi/docs/tratados_multilaterales_suspencion_garantias_Paraguay_nota_615-20-MPP-OEA.pdf
Argentina,2020-09-01,2020,130,notif_oea_art27,,http://www.oas.org/es/sla/ddi/docs/tratados_multilaterales_suspencion_garantias_Argentina_nota_No_130-2020.pdf
República Dominicana,2020-09-02,2020,MPRD-OEA 01193-2020,notif_oea_art27,,http://www.oas.org/es/sla/ddi/docs/tratados_multilaterales_suspencion_garantias_Republica_Dominicana_nota_MPRD-OEA_01193-2020.pdf
Perú,2020-09-02,2020,7-5-M/087,notif_oea_art27,,http://www.oas.org/es/sla/ddi/docs/tratados_multilaterales_suspencion_garantias_Peru_nota_No_7-5-M-087-2020.pdf
Guatemala,2020-09-08,2020,NV-OEA-M4-688-2020,notif_oea_art27,,http://www.oas.org/es/sla/ddi/docs/tratados_multilaterales_suspencion_garantias_Guatemala_nota_No_NV-OEA-M4-688-2020.pdf
Paraguay,2020-09-11,2020,648-20-MPP-OEA,notif_oea_art27,,http://www.oas.org/es/sla/ddi/docs/tratados_multilaterales_suspencion_garantias_Paraguay_nota_648-20-MPP-OEA.pdf
Panamá,2020-09-18,2020,PANA-OEA-7-220,notif_oea_art27,,http://www.oas.org/es/sla/ddi/docs/tratados_multilaterales_suspencion_garantias_Panama_nota_No_7-220-2020.pdf
Chile,2020-09-21,2020,107-2020,notif_oea_art27,,http://www.oas.org/es/sla/ddi/docs/tratados_multilaterales_suspencion_garantias_Chile_nota_No_107-2020.pdf
Argentina,2020-09-21,2020,152,notif_oea_art27,,http://www.oas.org/es/sla/ddi/docs/tratados_multilaterales_suspencion_garantias_Argentina_nota_No_152-2020.pdf
Paraguay,2020-09-21,2020,675-20-MPP-OEA,notif_oea_art27,,http://www.oas.org/es/sla/ddi/docs/tratados_multilaterales_suspencion_garantias_Paraguay_nota_675-20-MPP-OEA.pdf
República Dominicana,2020-09-28,2020,MPRD-OEA 01345 -2020,notif_oea_art27,,http://www.oas.org/es/sla/ddi/docs/tratados_multilaterales_suspencion_garantias_Republica_Dominicana_nota_MPRD-OEA_01345-2020.pdf
Paraguay,2020-10-09,2020,731-20-MPP-OEA,notif_oea_art27,,http://www.oas.org/es/sla/ddi/docs/tratados_multilaterales_suspencion_garantias_Paraguay_nota_731-20-MPP-OEA.pdf
Argentina,2020-10-15,2020,164,notif_oea_art27,,http://www.oas.org/es/sla/ddi/docs/tratados_multilaterales_suspencion_garantias_Argentina_nota_No_164-2020.pdf
Ecuador,2020-10-16,2020,4-2-400/2020,notif_oea_art27,,http://www.oas.org/es/sla/ddi/docs/tratados_multilaterales_suspencion_garantias_Ecuador_nota_No_4-2-400-2020.pdf
República Dominicana,2020-10-19,2020,MPRD-OEA 1504 -2020,notif_oea_art27,,http://www.oas.org/es/sla/ddi/docs/tratados_multilaterales_suspencion_garantias_Republica_Dominicana_nota_MPRD-OEA_1504-2020.pdf
República Dominicana,2020-10-20,2020,MPRD-OEA 1516 -2020,notif_oea_art27,,http://www.oas.org/es/sla/ddi/docs/tratados_multilaterales_suspencion_garantias_Republica_Dominicana_nota_MPRD-OEA_1516-2020.pdf
Paraguay,2020-10-26,2020,809-20-MPP-OEA,notif_oea_art27,,http://www.oas.org/es/sla/ddi/docs/tratados_multilaterales_suspencion_garantias_Paraguay_nota_809-20-MPP-OEA.pdf
Panamá,2020-10-27,2020,PANA-OEA-7-258,notif_oea_art27,,http://www.oas.org/es/sla/ddi/docs/tratados_multilaterales_suspencion_garantias_Panama_nota_No_7-258-2020.pdf
Argentina,2020-10-28,2020,179,notif_oea_art27,,http://www.oas.org/es/sla/ddi/docs/tratados_multilaterales_suspencion_garantias_Argentina_nota_No_179-2020.pdf
Perú,2020-11-03,2020,7-5-M/129,notif_oea_art27,,http://www.oas.org/es/sla/ddi/docs/tratados_multilaterales_suspencion_garantias_Peru_nota_No_7-5-M-129-2020.pdf
Argentina,2020-11-09,2020,188,notif_oea_art27,,http://www.oas.org/es/sla/ddi/docs/tratados_multilaterales_suspencion_garantias_Argentina_nota_No_188-2020.pdf
República Dominicana,2020-11-11,2020,MPRD-OEA 1593 -2020,notif_oea_art27,,http://www.oas.org/es/sla/ddi/docs/tratados_multilaterales_suspencion_garantias_Republica_Dominicana_nota_MPRD-OEA_1593-2020.pdf
Paraguay,2020-11-16,2020,880-20-MPP-OEA,notif_oea_art27,,http://www.oas.org/es/sla/ddi/docs/tratados_multilaterales_suspencion_garantias_Paraguay_nota_880-20-MPP-OEA.pdf
Guatemala,2020-11-16,2020,NV-OEA-M4-875-2020,notif_oea_art27,,http://www.oas.org/es/sla/ddi/docs/tratados_multilaterales_suspencion_garantias_Guatemala_nota_No_NV-OEA-M4-875-2020.pdf
Paraguay,2020-11-30,2020,926-20-MPP-OEA,notif_oea_art27,,http://www.oas.org/es/sla/ddi/docs/tratados_multilaterales_suspencion_garantias_Paraguay_nota_926-20-MPP-OEA.pdf
República Dominicana,2020-12-01,2020,MPRD-OEA 1654 -2020,notif_oea_art27,,http://www.oas.org/es/sla/ddi/docs/tratados_multilaterales_suspencion_garantias_Republica_Dominicana_nota_MPRD-OEA_1654-2020.pdf
Argentina,2020-12-03,2020,207,notif_oea_art27,,http://www.oas.org/es/sla/ddi/docs/tratados_multilaterales_suspencion_garantias_Argentina_nota_No_207-2020.pdf
Guatemala,2020-12-03,2020,NV-OEA-M4-911-2020,notif_oea_art27,,http://www.oas.org/es/sla/ddi/docs/tratados_multilaterales_suspencion_garantias_Guatemala_nota_No_NV-OEA-M4-911-2020.pdf
Perú,2020-12-04,2020,7-5-M/147,notif_oea_art27,,http://www.oas.org/es/sla/ddi/docs/tratados_multilaterales_suspencion_garantias_Peru_nota_No_7-5-M-147-2020.pdf
Paraguay,2020-12-08,2020,951-20-MPP-OEA,notif_oea_art27,,http://www.oas.org/es/sla/ddi/docs/tratados_multilaterales_suspencion_garantias_Paraguay_nota_951-20-MPP-OEA.pdf
Chile,2020-12-17,2020,130-2020,notif_oea_art27,,http://www.oas.org/es/sla/ddi/docs/tratados_multilaterales_suspencion_garantias_Chile_nota_No_130-2020.pdf
Argentina,2020-12-21,2020,220,notif_oea_art27,,http://www.oas.org/es/sla/ddi/docs/tratados_multilaterales_suspencion_garantias_Argentina_nota_No_220-2020.pdf
Paraguay,2020-12-21,2020,989-20-MPP-OEA,notif_oea_art27,,http://www.oas.org/es/sla/ddi/docs/tratados_multilaterales_suspencion_garantias_Paraguay_nota_989-20-MPP-OEA.pdf
Ecuador,2020-12-22,2020,4-2-474/2020,notif_oea_art27,,http://www.oas.org/es/sla/ddi/docs/tratados_multilaterales_suspencion_garantias_Ecuador_nota_No_4-2-474-2020.pdf
República Dominicana,2020-12-23,2020,MPRD-OEA 1717 -2020,notif_oea_art27,,http://www.oas.org/es/sla/ddi/docs/tratados_multilaterales_suspencion_garantias_Republica_Dominicana_nota_MPRD-OEA_1717-2020.pdf
Chile,2020-12-24,2020,131-2020,notif_oea_art27,,http://www.oas.org/es/sla/ddi/docs/tratados_multilaterales_suspencion_garantias_Chile_nota_No_131-2020.pdf
Paraguay,2021-01-11,2021,016-21-MPP-OEA,notif_oea_art27,,http://www.oas.org/es/sla/ddi/docs/tratados_multilaterales_suspencion_garantias_Paraguay_nota_16-21-MPP-OEA.pdf
Argentina,2021-01-12,2021,007,notif_oea_art27,,http://www.oas.org/es/sla/ddi/docs/tratados_multilaterales_suspencion_garantias_Argentina_nota_No_007-2021.pdf
Ecuador,2021-01-13,2021,4-2-005/2021,notif_oea_art27,,http://www.oas.org/es/sla/ddi/docs/tratados_multilaterales_suspencion_garantias_Ecuador_nota_No_4-2-005-2021.pdf
Guatemala,2021-01-19,2021,NV-OEA-M4-054-2021,notif_oea_art27,,http://www.oas.org/es/sla/ddi/docs/tratados_multilaterales_suspencion_garantias_Guatemala_nota_No_NV-OEA-M4-054-2021.pdf
República Dominicana,2021-01-19,2021,MPRD-OEA 0018-2021,notif_oea_art27,,http://www.oas.org/es/sla/ddi/docs/tratados_multilaterales_suspencion_garantias_Republica_Dominicana_nota_MPRD-OEA_0018-2021.pdf
República Dominicana,2021-01-27,2021,MPRD-OEA 0056-2021,notif_oea_art27,,http://www.oas.org/es/sla/ddi/docs/tratados_multilaterales_suspencion_garantias_Republica_Dominicana_nota_MPRD-OEA_0056-2021.pdf
Perú,2021-01-29,2021,7-5-M/016,notif_oea_art27,,http://www.oas.org/es/sla/ddi/docs/tratados_multilaterales_suspencion_garantias_Peru_nota_No_7-5-M-016-2021.pdf
Argentina,2021-02-01,2021,018,notif_oea_art27,,http://www.oas.org/es/sla/ddi/docs/tratados_multilaterales_suspencion_garantias_Argentina_nota_No_018-2021.pdf
Paraguay,2021-02-01,2021,075-21-MPP-OEA,notif_oea_art27,,http://www.oas.org/es/sla/ddi/docs/tratados_multilaterales_suspencion_garantias_Paraguay_nota_75-21-MPP-OEA.pdf
República Dominicana,2021-02-17,2021,MPRD-OEA 0149-2021,notif_oea_art27,,http://www.oas.org/es/sla/ddi/docs/tratados_multilaterales_suspencion_garantias_Republica_Dominicana_nota_MPRD-OEA_0149-2021.pdf
Paraguay,2021-02-22,2021,1555-21-MPP-OEA,notif_oea_art27,,http://www.oas.org/es/sla/ddi/docs/tratados_multilaterales_suspencion_garantias_Paraguay_nota_1555-21-MPP-OEA.pdf
República Dominicana,2021-02-26,2021,MPRD-OEA 0201-2021,notif_oea_art27,,http://www.oas.org/es/sla/ddi/docs/tratados_multilaterales_suspencion_garantias_Republica_Dominicana_nota_MPRD-OEA_0201-2021.pdf
República Dominicana,2021-03-02,2021,MPRD-OEA 0226-2021,notif_oea_art27,,http://www.oas.org/es/sla/ddi/docs/tratados_multilaterales_suspencion_garantias_Republica_Dominicana_nota_MPRD-OEA_0226-2021.pdf
Argentina,2021-03-08,2021,051,notif_oea_art27,,http://www.oas.org/es/sla/ddi/docs/tratados_multilaterales_suspencion_garantias_Argentina_nota_No_051-2021.pdf
Argentina,2021-03-15,2021,055,notif_oea_art27,,http://www.oas.org/es/sla/ddi/docs/tratados_multilaterales_suspencion_garantias_Argentina_nota_No_055-2021.pdf
Paraguay,2021-03-19,2021,252-21-MPP-OEA,notif_oea_art27,,http://www.oas.org/es/sla/ddi/docs/tratados_multilaterales_suspencion_garantias_Paraguay_nota_252-21-MPP-OEA.pdf
República Dominicana,2021-03-23,2021,MPRD-OEA 0309-2021,notif_oea_art27,,http://www.oas.org/es/sla/ddi/docs/tratados_multilaterales_suspencion_garantias_Republica_Dominicana_nota_MPRD-OEA_0309-2021.pdf
Paraguay,2021-03-25,2021,280-21-MPP-OEA,notif_oea_art27,,http://www.oas.org/es/sla/ddi/docs/tratados_multilaterales_suspencion_garantias_Paraguay_nota_280-21-MPP-OEA.pdf
Ecuador,2021-04-02,2021,4-2-095/2021,notif_oea_art27,,http://www.oas.org/es/sla/ddi/docs/tratados_multilaterales_suspencion_garantias_Ecuador_nota_No_4-2-095-2021.pdf
Argentina,2021-04-09,2021,074,notif_oea_art27,,http://www.oas.org/es/sla/ddi/docs/tratados_multilaterales_suspencion_garantias_Argentina_nota_No_074-2021.pdf
Guatemala,2021-04-14,2021,NV-OEA-M4-288-2021,notif_oea_art27,,http://www.oas.org/es/sla/ddi/docs/tratados_multilaterales_suspencion_garantias_Guatemala_nota_No_NV-OEA-M4-288-2021.pdf
Argentina,2021-04-19,2021,081,notif_oea_art27,,http://www.oas.org/es/sla/ddi/docs/tratados_multilaterales_suspencion_garantias_Argentina_nota_No_081-2021.pdf
Paraguay,2021-04-19,2021,403-21-MPP-OEA,notif_oea_art27,,http://www.oas.org/es/sla/ddi/docs/tratados_multilaterales_suspencion_garantias_Paraguay_nota_403-21-MPP-OEA.pdf
Panamá,2021-04-19,2021,PANA-OEA-8-102,notif_oea_art27,,http://www.oas.org/es/sla/ddi/docs/tratados_multilaterales_suspencion_garantias_Panama_nota_No_8-102.pdf
República Dominicana,2021-04-20,2021,MPRD-OEA 0397-2021,notif_oea_art27,,http://www.oas.org/es/sla/ddi/docs/tratados_multilaterales_suspencion_garantias_Republica_Dominicana_nota_MPRD-OEA_0397-2021.pdf
Ecuador,2021-04-22,2021,4-2-111/2021,notif_oea_art27,,http://www.oas.org/es/sla/ddi/docs/tratados_multilaterales_suspencion_garantias_Ecuador_nota_No_4-2-111-2021.pdf
Paraguay,2021-04-26,2021,429-21-MPP-OEA,notif_oea_art27,,http://www.oas.org/es/sla/ddi/docs/tratados_multilaterales_suspencion_garantias_Paraguay_nota_429-21-MPP-OEA.pdf
Uruguay,2021-04-26,2021,043/2021,notif_oea_art27,,http://www.oas.org/es/sla/ddi/docs/tratados_multilaterales_suspencion_garantias_Uruguay_nota_043-2021.pdf
Argentina,2021-05-04,2021,095,notif_oea_art27,,http://www.oas.org/es/sla/ddi/docs/tratados_multilaterales_suspencion_garantias_Argentina_nota_No_095-2021.pdf
Perú,2021-05-11,2021,7-5-M/064,notif_oea_art27,,http://www.oas.org/es/sla/ddi/docs/tratados_multilaterales_suspencion_garantias_Peru_nota_No_7-5-M-064-2021.pdf
República Dominicana,2021-05-18,2021,MPRD-OEA 0540-2021,notif_oea_art27,,http://www.oas.org/es/sla/ddi/docs/tratados_multilaterales_suspencion_garantias_Republica_Dominicana_nota_MPRD-OEA_0540-2021.pdf
Argentina,2021-05-26,2021,106,notif_oea_art27,,http://www.oas.org/es/sla/ddi/docs/tratados_multilaterales_suspencion_garantias_Argentina_nota_No_106-2021.pdf
República Dominicana,2021-06-02,2021,MPRD-OEA 0642-2021,notif_oea_art27,,http://www.oas.org/es/sla/ddi/docs/tratados_multilaterales_suspencion_garantias_Republica_Dominicana_nota_MPRD-OEA_0642-2021.pdf
Perú,2021-06-04,2021,7-5-M/073,notif_oea_art27,,http://www.oas.org/es/sla/ddi/docs/tratados_multilaterales_suspencion_garantias_Peru_nota_No_7-5-M-073-2021.pdf
Paraguay,2021-06-07,2021,572-21-MPP-OEA,notif_oea_art27,,http://www.oas.org/es/sla/ddi/docs/tratados_multilaterales_suspencion_garantias_Paraguay_nota_572-21-MPP-OEA.pdf
República Dominicana,2021-06-09,2021,MPRD-OEA 0679-2021,notif_oea_art27,,http://www.oas.org/es/sla/ddi/docs/tratados_multilaterales_suspencion_garantias_Republica_Dominicana_nota_MPRD-OEA_0679-2021.pdf
República Dominicana,2021-06-15,2021,MPRD-OEA 0729 -2021,notif_oea_art27,,http://www.oas.org/es/sla/ddi/docs/tratados_multilaterales_suspencion_garantias_Republica_Dominicana_nota_MPRD-OEA_0729-2021.pdf
Argentina,2021-06-28,2021,131,notif_oea_art27,,http://www.oas.org/es/sla/ddi/docs/tratados_multilaterales_suspencion_garantias_Argentina_nota_No_131-2021.pdf
Paraguay,2021-06-28,2021,650-21-MPP-OEA,notif_oea_art27,,http://www.oas.org/es/sla/ddi/docs/tratados_multilaterales_suspencion_garantias_Paraguay_nota_650-21-MPP-OEA.pdf
Perú,2021-07-02,2021,7-5-M/088,notif_oea_art27,,http://www.oas.org/es/sla/ddi/docs/tratados_multilaterales_suspencion_garantias_Peru_nota_No_7-5-M-088-2021.pdf
República Dominicana,2021-07-06,2021,MPRD-OEA 0803 -2021,notif_oea_art27,,http://www.oas.org/es/sla/ddi/docs/tratados_multilaterales_suspencion_garantias_Republica_Dominicana_nota_MPRD-OEA_0803-2021.pdf
Paraguay,2021-07-13,2021,691-21-MPP-OEA,notif_oea_art27,,http://www.oas.org/es/sla/ddi/docs/tratados_multilaterales_suspencion_garantias_Paraguay_nota_691-21-MPP-OEA.pdf
Argentina,2021-07-15,2021,140,notif_oea_art27,,http://www.oas.org/es/sla/ddi/docs/tratados_multilaterales_suspencion_garantias_Argentina_nota_No_140-2021.pdf
Argentina,2021-07-16,2021,142,notif_oea_art27,,http://www.oas.org/es/sla/ddi/docs/tratados_multilaterales_suspencion_garantias_Argentina_nota_No_142-2021.pdf
Ecuador,2021-07-16,2021,4-2-189/2021,notif_oea_art27,,http://www.oas.org/es/sla/ddi/docs/tratados_multilaterales_suspencion_garantias_Ecuador_nota_No_4-2-189-2021.pdf
Ecuador,2021-07-29,2021,4-2-207/2021,notif_oea_art27,,http://www.oas.org/es/sla/ddi/docs/tratados_multilaterales_suspencion_garantias_Ecuador_nota_No_4-2-207-2021.pdf
Perú,2021-08-04,2021,7-5-M/105,notif_oea_art27,,http://www.oas.org/es/sla/ddi/docs/tratados_multilaterales_suspencion_garantias_Peru_nota_No_7-5-M-105-2021.pdf
República Dominicana,2021-08-05,2021,MPRD-OEA 0940 -2021,notif_oea_art27,,http://www.oas.org/es/sla/ddi/docs/tratados_multilaterales_suspencion_garantias_Republica_Dominicana_nota_MPRD-OEA_0940-2021.pdf
Argentina,2021-08-10,2021,163,notif_oea_art27,,http://www.oas.org/es/sla/ddi/docs/tratados_multilaterales_suspencion_garantias_Argentina_nota_No_163-2021.pdf
Guatemala,2021-08-18,2021,NV-OEA-M4-659-2021,notif_oea_art27,,http://www.oas.org/es/sla/ddi/docs/tratados_multilaterales_suspencion_garantias_Guatemala_nota_No_M4-659-2021.pdf
Paraguay,2021-08-26,2021,802-21-MPP-OEA,notif_oea_art27,,http://www.oas.org/es/sla/ddi/docs/tratados_multilaterales_suspencion_garantias_Paraguay_nota_802-21-MPP-OEA.pdf
Paraguay,2021-08-29,2021,947-21-MPP-OEA,notif_oea_art27,,http://www.oas.org/es/sla/ddi/docs/tratados_multilaterales_suspencion_garantias_Paraguay_nota_947-21-MPP-OEA.pdf
Perú,2021-08-30,2021,7-5-M/123,notif_oea_art27,,http://www.oas.org/es/sla/ddi/docs/tratados_multilaterales_suspencion_garantias_Peru_nota_No_7-5-M-123-2021.pdf
Ecuador,2021-08-30,2021,4-2-280/2021,notif_oea_art27,,http://www.oas.org/es/sla/ddi/docs/tratados_multilaterales_suspencion_garantias_Ecuador_nota_No_4-2-280-2021.pdf
Argentina,2021-09-13,2021,185,notif_oea_art27,,http://www.oas.org/es/sla/ddi/docs/tratados_multilaterales_suspencion_garantias_Argentina_nota_No_185-2021.pdf
Argentina,2021-10-04,2021,210,notif_oea_art27,,http://www.oas.org/es/sla/ddi/docs/tratados_multilaterales_suspencion_garantias_Argentina_nota_No_210-2021.pdf
Perú,2021-10-12,2021,7-5-M/149,notif_oea_art27,,http://www.oas.org/es/sla/ddi/docs/tratados_multilaterales_suspencion_garantias_Peru_nota_No_7-5-M-149-2021.pdf
Paraguay,2021-10-13,2021,1003-21-MPP-OEA,notif_oea_art27,,http://www.oas.org/es/sla/ddi/docs/tratados_multilaterales_suspencion_garantias_Paraguay_nota_1003-21-MPP-OEA.pdf
Ecuador,2021-10-19,2021,4-2-303/2021,notif_oea_art27,,http://www.oas.org/es/sla/ddi/docs/tratados_multilaterales_suspencion_garantias_Ecuador_nota_No_4-2-303-2021.pdf
República Dominicana,2021-10-21,2021,MPRD-OEA 1242 -2021,notif_oea_art27,,http://www.oas.org/es/sla/ddi/docs/tratados_multilaterales_suspencion_garantias_Republica_Dominicana_nota_MPRD-OEA_1242-2021.pdf
Guatemala,2021-10-27,2021,NV-OEA-M4-832-2021,notif_oea_art27,,http://www.oas.org/es/sla/ddi/docs/tratados_multilaterales_suspencion_garantias_Guatemala_nota_No_M4-832-2021.pdf
Chile,2021-10-29,2021,159-21,notif_oea_art27,,http://www.oas.org/es/sla/ddi/docs/tratados_multilaterales_suspencion_garantias_Chile_nota_No_159-2021.pdf
Paraguay,2021-11-02,2021,1061-21-MPP-OEA,notif_oea_art27,,http://www.oas.org/es/sla/ddi/docs/tratados_multilaterales_suspencion_garantias_Paraguay_nota_1061-21-MPP-OEA.pdf
Chile,2021-11-15,2021,188-21,notif_oea_art27,,http://www.oas.org/es/sla/ddi/docs/tratados_multilaterales_suspencion_garantias_Chile_nota_No_188-2021.pdf
Perú,2021-11-22,2021,7-5-M/181,notif_oea_art27,,http://www.oas.org/es/sla/ddi/docs/tratados_multilaterales_suspencion_garantias_Peru_nota_No_7-5-M-181-2021.pdf
Ecuador,2021-11-22,2021,4-2-348/2021,notif_oea_art27,,http://www.oas.org/es/sla/ddi/docs/tratados_multilaterales_suspencion_garantias_Ecuador_nota_No_4-2-348-2021.pdf
Guatemala,2021-11-26,2021,DIRDEHU-1810-2021,notif_oea_art27,,http://www.oas.org/es/sla/ddi/docs/tratados_multilaterales_suspencion_garantias_Guatemala_nota_No_DIRDEHU-1810-2021.pdf
Chile,2021-11-29,2021,200-21,notif_oea_art27,,http://www.oas.org/es/sla/ddi/docs/tratados_multilaterales_suspencion_garantias_Chile_nota_No_200-2021.pdf
Paraguay,2021-12-06,2021,1148-21-MPP-OEA,notif_oea_art27,,http://www.oas.org/es/sla/ddi/docs/tratados_multilaterales_suspencion_garantias_Paraguay_nota_1148-21-MPP-OEA.pdf
Perú,2021-12-06,2021,7-5-M/194,notif_oea_art27,,http://www.oas.org/es/sla/ddi/docs/tratados_multilaterales_suspencion_garantias_Peru_nota_No_7-5-M-194-2021.pdf
Chile,2021-12-14,2021,209-21,notif_oea_art27,,http://www.oas.org/es/sla/ddi/docs/tratados_multilaterales_suspencion_garantias_Chile_nota_No_209-2021.pdf
Argentina,2021-12-21,2021,258,notif_oea_art27,,http://www.oas.org/es/sla/ddi/docs/tratados_multilaterales_suspencion_garantias_Argentina_nota_No_258-2021.pdf
Chile,2021-12-28,2021,216-21,notif_oea_art27,,http://www.oas.org/es/sla/ddi/docs/tratados_multilaterales_suspencion_garantias_Chile_nota_No_216-2021.pdf
Guatemala,2021-12-29,2021,NV-OEA-M4-987-2021,notif_oea_art27,,http://www.oas.org/es/sla/ddi/docs/tratados_multilaterales_suspencion_garantias_Guatemala_nota_No_M4-987-2021.pdf
Argentina,2022-01-05,2022,002,notif_oea_art27,,http://www.oas.org/es/sla/ddi/docs/tratados_multilaterales_suspencion_garantias_Argentina_nota_No_002-2022.pdf
Perú,2022-01-06,2022,7-5-M/003,notif_oea_art27,,http://www.oas.org/es/sla/ddi/docs/tratados_multilaterales_suspencion_garantias_Peru_nota_No_7-5-M-073-2022.pdf
Chile,2022-01-11,2022,03-22,notif_oea_art27,,http://www.oas.org/es/sla/ddi/docs/tratados_multilaterales_suspencion_garantias_Chile_nota_No_03-2022.pdf
Guatemala,2022-01-19,2022,OEA-M4-NV-013-2022,notif_oea_art27,,http://www.oas.org/es/sla/ddi/docs/tratados_multilaterales_suspencion_garantias_Guatemala_nota_No_NV-OEA-M4-31-2022.pdf
Paraguay,2022-01-21,2022,042-22-MPP-OEA,notif_oea_art27,,http://www.oas.org/es/sla/ddi/docs/tratados_multilaterales_suspencion_garantias_Paraguay_nota_042-22-MPP-OEA.pdf
Chile,2022-02-16,2022,53-22,notif_oea_art27,,http://www.oas.org/es/sla/ddi/docs/tratados_multilaterales_suspencion_garantias_Chile_nota_No_53-2022.pdf
Paraguay,2022-02-22,2022,167-22-MPP-OEA,notif_oea_art27,,http://www.oas.org/es/sla/ddi/docs/tratados_multilaterales_suspencion_garantias_Paraguay_nota_167-22-MPP-OEA.pdf
Chile,2022-03-07,2022,61-22,notif_oea_art27,,http://www.oas.org/es/sla/ddi/docs/tratados_multilaterales_suspencion_garantias_Chile_nota_No_61-2022.pdf
El Salvador,2022-03-27,2022,MPOEA- OEA-034/2022,notif_oea_art27,,http://www.oas.org/es/sla/ddi/docs/tratados_multilaterales_suspencion_garantias_El_Salvador_nota_No_034-2022.pdf
Perú,2022-03-31,2022,7-5-M/067,notif_oea_art27,,http://www.oas.org/es/sla/ddi/docs/tratados_multilaterales_suspencion_garantias_Peru_nota_No_7-5-M-078-2022.pdf
Perú,2022-04-04,2022,7-5-M/073,notif_oea_art27,,http://www.oas.org/es/sla/ddi/docs/tratados_multilaterales_suspencion_garantias_Peru_nota_No_7-5-M-097-2022.pdf
Perú,2022-04-06,2022,7-5-M/078,notif_oea_art27,,http://www.oas.org/es/sla/ddi/docs/tratados_multilaterales_suspencion_garantias_Peru_nota_No_7-5-M-119-2022.pdf
Perú,2022-05-05,2022,7-5-M/097,notif_oea_art27,,http://www.oas.org/es/sla/ddi/docs/tratados_multilaterales_suspencion_garantias_Peru_nota_No_7-5-M-130-2022.pdf
Perú,2022-06-02,2022,7-5-M/119,notif_oea_art27,,http://www.oas.org/es/sla/ddi/docs/tratados_multilaterales_suspencion_garantias_Peru_nota_No_7-5-M-136-2022.pdf
Guatemala,2022-06-09,2022,NV-OEA-M4-131-2022,notif_oea_art27,,http://www.oas.org/es/sla/ddi/docs/tratados_multilaterales_suspencion_garantias_Guatemala_nota_No_NV-OEA-M4-131-2022.pdf
El Salvador,2022-06-13,2022,MPOEA- OEA-096/2022,notif_oea_art27,,http://www.oas.org/es/sla/ddi/docs/tratados_multilaterales_suspencion_garantias_El_Salvador_nota_No_096-2022.pdf
Perú,2022-06-22,2022,7-5-M/130,notif_oea_art27,,http://www.oas.org/es/sla/ddi/docs/tratados_multilaterales_suspencion_garantias_Peru_nota_No_7-5-M-157-2022.pdf
El Salvador,2022-06-24,2022,MPOEA- OEA-100/2022,notif_oea_art27,,http://www.oas.org/es/sla/ddi/docs/tratados_multilaterales_suspencion_garantias_El_Salvador_nota_No_100-2022.pdf
Guatemala,2022-06-24,2022,NV-OEA-M4-139-2022,notif_oea_art27,,http://www.oas.org/es/sla/ddi/docs/tratados_multilaterales_suspencion_garantias_Guatemala_nota_No_NV-OEA-M4-139-2022.pdf
Ecuador,2022-07-04,2022,4-2-141/2022,notif_oea_art27,,http://www.oas.org/es/sla/ddi/docs/tratados_multilaterales_suspencion_garantias_Ecuador_nota_No_4-2-141-2022.pdf
Perú,2022-07-06,2022,7-5-M/136,notif_oea_art27,,http://www.oas.org/es/sla/ddi/docs/tratados_multilaterales_suspencion_garantias_Peru_nota_No_7-5-M-171-2022.pdf
Guatemala,2022-07-18,2022,NV-OEA-M4-153-2022,notif_oea_art27,,http://www.oas.org/es/sla/ddi/docs/tratados_multilaterales_suspencion_garantias_Guatemala_nota_No_NV-OEA-M4-153-2022.pdf
El Salvador,2022-07-22,2022,MPOEA- OEA-116/2022,notif_oea_art27,,http://www.oas.org/es/sla/ddi/docs/tratados_multilaterales_suspencion_garantias_El_Salvador_nota_No_116-2022.pdf
Perú,2022-08-04,2022,7-5-M/157,notif_oea_art27,,http://www.oas.org/es/sla/ddi/docs/tratados_multilaterales_suspencion_garantias_Peru_nota_No_7-5-M-177-2022.pdf
Ecuador,2022-08-15,2022,4-2-174/2022,notif_oea_art27,,http://www.oas.org/es/sla/ddi/docs/tratados_multilaterales_suspencion_garantias_Ecuador_nota_No_4-2-174-2022.pdf
El Salvador,2022-08-22,2022,MPOEA- OEA-136/2022,notif_oea_art27,,http://www.oas.org/es/sla/ddi/docs/tratados_multilaterales_suspencion_garantias_El_Salvador_nota_No_136-2022.pdf
Perú,2022-08-29,2022,7-5-M/171,notif_oea_art27,,http://www.oas.org/es/sla/ddi/docs/tratados_multilaterales_suspencion_garantias_Peru_nota_No_7-5-M-244-2022.pdf
Perú,2022-09-06,2022,7-5-M/177,notif_oea_art27,,http://www.oas.org/es/sla/ddi/docs/tratados_multilaterales_suspencion_garantias_Peru_nota_No_7-5-M-248-2022.pdf
Ecuador,2022-09-14,2022,4-2-211/2022,notif_oea_art27,,http://www.oas.org/es/sla/ddi/docs/tratados_multilaterales_suspencion_garantias_Ecuador_nota_No_4-2-211-2022.pdf
El Salvador,2022-09-22,2022,MPOEA- OEA-158/2022,notif_oea_art27,,http://www.oas.org/es/sla/ddi/docs/tratados_multilaterales_suspencion_garantias_El_Salvador_nota_No_158-2022.pdf
Guatemala,2022-10-13,2022,NV-OEA-M4-226-2022,notif_oea_art27,,http://www.oas.org/es/sla/ddi/docs/tratados_multilaterales_suspencion_garantias_Guatemala_nota_No_NV-OEA-M4-226-2022.pdf
República Dominicana,2022-10-17,2022,MPRD-OEA 1018-2022,notif_oea_art27,,http://www.oas.org/es/sla/ddi/docs/tratados_multilaterales_suspencion_garantias_Republica_Dominicana_nota_MPRD-OEA_1018-2022.pdf
El Salvador,2022-10-19,2022,MPOEA- OEA-184/2022,notif_oea_art27,,http://www.oas.org/es/sla/ddi/docs/tratados_multilaterales_suspencion_garantias_El_Salvador_nota_No_184-2022.pdf
Ecuador,2022-11-02,2022,4-2-268/2022,notif_oea_art27,,http://www.oas.org/es/sla/ddi/docs/tratados_multilaterales_suspencion_garantias_Ecuador_nota_No_4-2-268-2022.pdf
Ecuador,2022-11-07,2022,4-2-275/2022,notif_oea_art27,,http://www.oas.org/es/sla/ddi/docs/tratados_multilaterales_suspencion_garantias_Ecuador_nota_No_4-2-275-2022.pdf
El Salvador,2022-11-18,2022,MPOEA- OEA-202/2022,notif_oea_art27,,http://www.oas.org/es/sla/ddi/docs/tratados_multilaterales_suspencion_garantias_El_Salvador_nota_No_202-2022.pdf
Perú,2022-12-14,2022,,notif_oea_art27,,http://www.oas.org/es/sla/ddi/docs/tratados_multilaterales_suspencion_garantias_Peru_nota_No_7-5-M-246-2022.pdf
Perú,2022-12-14,2022,7-5-M/244,notif_oea_art27,,http://www.oas.org/es/sla/ddi/docs/tratados_multilaterales_suspencion_garantias_Peru_nota_No_7-5-M-247-2022.pdf
Perú,2022-12-15,2022,7-5-M/249,notif_oea_art27,,http://www.oas.org/es/sla/ddi/docs/tratados_multilaterales_suspencion_garantias_Peru_nota_No_7-5-M-249-2022.pdf
El Salvador,2022-12-20,2022,MPOEA- OEA-220/2022,notif_oea_art27,,http://www.oas.org/es/sla/ddi/docs/tratados_multilaterales_suspencion_garantias_El_Salvador_nota_No_220-2022.pdf
Perú,2023-01-17,2023,7-5-M/008,notif_oea_art27,,http://www.oas.org/es/sla/ddi/docs/tratados_multilaterales_suspencion_garantias_Peru_nota_No_7-5-M-099-2023.pdf
El Salvador,2023-01-19,2023,MPOEA- OEA-005/2023,notif_oea_art27,,http://www.oas.org/es/sla/ddi/docs/tratados_multilaterales_suspencion_garantias_El_Salvador_nota_No_005-2023.pdf
Perú,2023-01-26,2023,7-5-M/015,notif_oea_art27,,http://www.oas.org/es/sla/ddi/docs/tratados_multilaterales_suspencion_garantias_Peru_nota_No_7-5-M-103-2023.pdf
Perú,2023-02-07,2023,7-5-M/027,notif_oea_art27,,http://www.oas.org/es/sla/ddi/docs/tratados_multilaterales_suspencion_garantias_Peru_nota_No_7-5-M-105-2023.pdf
Perú,2023-02-08,2023,7-5-M/029,notif_oea_art27,,http://www.oas.org/es/sla/ddi/docs/tratados_multilaterales_suspencion_garantias_Peru_nota_No_7-5-M-127-2023.pdf
Perú,2023-02-08,2023,7-5-M/028,notif_oea_art27,,http://www.oas.org/es/sla/ddi/docs/tratados_multilaterales_suspencion_garantias_Peru_nota_No_7-5-M-122-2023.pdf
Perú,2023-02-10,2023,7-5-M/034,notif_oea_art27,,http://www.oas.org/es/sla/ddi/docs/tratados_multilaterales_suspencion_garantias_Peru_nota_No_7-5-M-142-2023.pdf
Perú,2023-02-15,2023,7-5-M/037,notif_oea_art27,,http://www.oas.org/es/sla/ddi/docs/tratados_multilaterales_suspencion_garantias_Peru_nota_No_7-5-M-140-2023.pdf
Perú,2023-02-15,2023,7-5-M/036,notif_oea_art27,,http://www.oas.org/es/sla/ddi/docs/tratados_multilaterales_suspencion_garantias_Peru_nota_No_7-5-M-141-2023.pdf
Perú,2023-02-17,2023,7-5-M/041,notif_oea_art27,,http://www.oas.org/es/sla/ddi/docs/tratados_multilaterales_suspencion_garantias_Peru_nota_No_7-5-M-144-2023.pdf
Perú,2023-02-21,2023,7-5-M/042,notif_oea_art27,,http://www.oas.org/es/sla/ddi/docs/tratados_multilaterales_suspencion_garantias_Peru_nota_No_7-5-M-155-2023.pdf
Perú,2023-02-28,2023,7-5-M/049,notif_oea_art27,,http://www.oas.org/es/sla/ddi/docs/tratados_multilaterales_suspencion_garantias_Peru_nota_No_7-5-M-162-2023.pdf
El Salvador,2023-03-01,2023,MPOEA- OEA-032/2023,notif_oea_art27,,http://www.oas.org/es/sla/ddi/docs/tratados_multilaterales_suspencion_garantias_El_Salvador_nota_No_032-2023.pdf
Ecuador,2023-03-07,2023,4-2-068/2023,notif_oea_art27,,http://www.oas.org/es/sla/ddi/docs/tratados_multilaterales_suspencion_garantias_Ecuador_nota_No_4-2-068-2023.pdf
Perú,2023-03-15,2023,7-5-M/062 y nota No. 7-5-M/063,notif_oea_art27,,http://www.oas.org/es/sla/ddi/docs/tratados_multilaterales_suspencion_garantias_Peru_nota_No_7-5-M-163-2023.pdf
Perú,2023-03-22,2023,7-5-M/071,notif_oea_art27,,http://www.oas.org/es/sla/ddi/docs/tratados_multilaterales_suspencion_garantias_Peru_nota_No_7-5-M-177-2023.pdf
El Salvador,2023-03-31,2023,MPOEA - OEA-054/2023,notif_oea_art27,,http://www.oas.org/es/sla/ddi/docs/tratados_multilaterales_suspencion_garantias_El_Salvador_nota_No_054-2023.pdf
Ecuador,2023-04-10,2023,4-2-095/2023,notif_oea_art27,,http://www.oas.org/es/sla/ddi/docs/tratados_multilaterales_suspencion_garantias_Ecuador_nota_No_4-2-199-2023.pdf
Perú,2023-04-11,2023,7-5-M/081,notif_oea_art27,,http://www.oas.org/es/sla/ddi/docs/tratados_multilaterales_suspencion_garantias_Peru_nota_No_7-5-M-176-2023.pdf
Perú,2023-04-14,2023,7-5-M/092,notif_oea_art27,,http://www.oas.org/es/sla/ddi/docs/tratados_multilaterales_suspencion_garantias_Peru_nota_No_7-5-M-180-2023.pdf
Perú,2023-04-19,2023,7-5-M/099,notif_oea_art27,,http://www.oas.org/es/sla/ddi/docs/tratados_multilaterales_suspencion_garantias_Peru_nota_No_7-5-M-179-2023.pdf
Perú,2023-04-24,2023,7-5-M/103,notif_oea_art27,,http://www.oas.org/es/sla/ddi/docs/tratados_multilaterales_suspencion_garantias_Peru_nota_No_7-5-M-183-2023.pdf
Perú,2023-04-27,2023,7-5-M/105,notif_oea_art27,,http://www.oas.org/es/sla/ddi/docs/tratados_multilaterales_suspencion_garantias_Peru_nota_No_7-5-M-186-2023.pdf
El Salvador,2023-04-28,2023,MPOEA - OEA-063/2023,notif_oea_art27,,http://www.oas.org/es/sla/ddi/docs/tratados_multilaterales_suspencion_garantias_El_Salvador_nota_No_063-2023.pdf
Perú,2023-05-16,2023,7-5-M/122,notif_oea_art27,,http://www.oas.org/es/sla/ddi/docs/tratados_multilaterales_suspencion_garantias_Peru_nota_No_7-5-M-185-2023.pdf
Perú,2023-05-22,2023,7-5-M/127,notif_oea_art27,,http://www.oas.org/es/sla/ddi/docs/tratados_multilaterales_suspencion_garantias_Peru_nota_No_7-5-M-188-2023.pdf
El Salvador,2023-05-24,2023,MPOEA - OEA-078/2023,notif_oea_art27,,http://www.oas.org/es/sla/ddi/docs/tratados_multilaterales_suspencion_garantias_El_Salvador_nota_No_078-2023.pdf
Perú,2023-06-07,2023,7-5-M/140,notif_oea_art27,,http://www.oas.org/es/sla/ddi/docs/tratados_multilaterales_suspencion_garantias_Peru_nota_No_7-5-M-203-2023.pdf
Perú,2023-06-09,2023,7-5-M/144,notif_oea_art27,,http://www.oas.org/es/sla/ddi/docs/tratados_multilaterales_suspencion_garantias_Peru_nota_No_7-5-M-213-2023.pdf
Perú,2023-06-28,2023,7-5-M/155,notif_oea_art27,,http://www.oas.org/es/sla/ddi/docs/tratados_multilaterales_suspencion_garantias_Peru_nota_No_7-5-M-223-2023.pdf
El Salvador,2023-06-30,2023,MPOEA - OEA-109/2023,notif_oea_art27,,http://www.oas.org/es/sla/ddi/docs/tratados_multilaterales_suspencion_garantias_El_Salvador_nota_No_109-2023.pdf
Colombia,2023-07-04,2023,S-GTAJl-23-012668,notif_oea_art27,,http://www.oas.org/es/sla/ddi/docs/tratados_multilaterales_suspencion_garantias_Colombia_nota_No_S-GTAJl-23-012668.pdf
Perú,2023-07-14,2023,7-5-M/162,notif_oea_art27,,http://www.oas.org/es/sla/ddi/docs/tratados_multilaterales_suspencion_garantias_Peru_nota_No_7-5-M-231-2023.pdf
Perú,2023-07-20,2023,7-5-M/163,notif_oea_art27,,http://www.oas.org/es/sla/ddi/docs/tratados_multilaterales_suspencion_garantias_Peru_nota_No_7-5-M-230-2023.pdf
Ecuador,2023-07-27,2023,4-2-198/2023 y nota No. 4-2-199/2023,notif_oea_art27,,http://www.oas.org/es/sla/ddi/docs/tratados_multilaterales_suspencion_garantias_Ecuador_nota_No_4-2-198-2023.pdf
El Salvador,2023-07-28,2023,MPOEA - OEA-126/2023,notif_oea_art27,,http://www.oas.org/es/sla/ddi/docs/tratados_multilaterales_suspencion_garantias_El_Salvador_nota_No_126-2023.pdf
Colombia,2023-08-01,2023,MCP/OEA/947/2023,notif_oea_art27,,http://www.oas.org/es/sla/ddi/docs/tratados_multilaterales_suspencion_garantias_Colombia_nota_No_MCP-OEA-947-2023.pdf
Perú,2023-08-04,2023,7-5-M/176 y nota No. 7-5-M/177 con sus respectivos anexos,notif_oea_art27,,http://www.oas.org/es/sla/ddi/docs/tratados_multilaterales_suspencion_garantias_Peru_nota_No_7-5-M-229-2023.pdf
Chile,2023-08-08,2023,175-23,notif_oea_art27,,http://www.oas.org/es/sla/ddi/docs/tratados_multilaterales_suspencion_garantias_Chile_nota_No_175-23.pdf
Perú,2023-08-08,2023,7-5-M/179 y nota No. 7-5-M/180 con sus respectivos anexos,notif_oea_art27,,http://www.oas.org/es/sla/ddi/docs/tratados_multilaterales_suspencion_garantias_Peru_nota_No_7-5-M-241-2023.pdf
Ecuador,2023-08-10,2023,4-2-203/2023,notif_oea_art27,,http://www.oas.org/es/sla/ddi/docs/tratados_multilaterales_suspencion_garantias_Ecuador_nota_No_4-2-203-2023.pdf
Ecuador,2023-08-14,2023,4-2-206/2023,notif_oea_art27,,http://www.oas.org/es/sla/ddi/docs/tratados_multilaterales_suspencion_garantias_Ecuador_nota_No_4-2-206-2023.pdf
Perú,2023-08-23,2023,7-5-M/185 y nota No. 7-5-M/186 con sus respectivos anexos,notif_oea_art27,,http://www.oas.org/es/sla/ddi/docs/tratados_multilaterales_suspencion_garantias_Peru_nota_No_7-5-M-240-2023.pdf
El Salvador,2023-08-29,2023,MPOEA - OEA-146/2023,notif_oea_art27,,http://www.oas.org/es/sla/ddi/docs/tratados_multilaterales_suspencion_garantias_El_Salvador_nota_No_146-2023.pdf
Perú,2023-09-14,2023,7-5-M/203,notif_oea_art27,,http://www.oas.org/es/sla/ddi/docs/tratados_multilaterales_suspencion_garantias_Peru_nota_No_7-5-M-239-2023.pdf
Perú,2023-09-20,2023,7-5-M/213,notif_oea_art27,,http://www.oas.org/es/sla/ddi/docs/tratados_multilaterales_suspencion_garantias_Peru_nota_No_7-5-M-269-2023.pdf
Perú,2023-09-29,2023,7-5-M/223,notif_oea_art27,,http://www.oas.org/es/sla/ddi/docs/tratados_multilaterales_suspencion_garantias_Peru_nota_No_7-5-M-273-2023.pdf
El Salvador,2023-10-03,2023,MPOEA - OEA-172/2023,notif_oea_art27,,http://www.oas.org/es/sla/ddi/docs/tratados_multilaterales_suspencion_garantias_El_Salvador_nota_No_172-2023.pdf
Perú,2023-10-05,2023,7-5-M/229,notif_oea_art27,,http://www.oas.org/es/sla/ddi/docs/tratados_multilaterales_suspencion_garantias_Peru_nota_No_7-5-M-272-2023.pdf
Ecuador,2023-10-11,2023,4-2-248/2023,notif_oea_art27,,http://www.oas.org/es/sla/ddi/docs/tratados_multilaterales_suspencion_garantias_Ecuador_nota_No_4-2-248-2023.pdf
Chile,2023-10-12,2023,274-23,notif_oea_art27,,http://www.oas.org/es/sla/ddi/docs/tratados_multilaterales_suspencion_garantias_Chile_nota_No_274-23.pdf
Perú,2023-10-16,2023,7-5-M/239,notif_oea_art27,,http://www.oas.org/es/sla/ddi/docs/tratados_multilaterales_suspencion_garantias_Peru_nota_No_7-5-M-279-2023.pdf
El Salvador,2023-10-31,2023,MPOEA - OEA-190/2023,notif_oea_art27,,http://www.oas.org/es/sla/ddi/docs/tratados_multilaterales_suspencion_garantias_El_Salvador_nota_No_190-2023.pdf
El Salvador,2023-11-27,2023,MPOEA - OEA-208/2023,notif_oea_art27,,http://www.oas.org/es/sla/ddi/docs/tratados_multilaterales_suspencion_garantias_El_Salvador_nota_No_208-2023.pdf
Perú,2023-12-01,2023,7-5-M/272 y Nota No. 7-5-M/273 con sus respectivos anexos,notif_oea_art27,,http://www.oas.org/es/sla/ddi/docs/tratados_multilaterales_suspencion_garantias_Peru_nota_No_7-5-M-278-2023.pdf
Perú,2023-12-07,2023,7-5-M/278 y Nota No. 7-5-M/279 con sus respectivos anexos,notif_oea_art27,,http://www.oas.org/es/sla/ddi/docs/tratados_multilaterales_suspencion_garantias_Peru_nota_No_7-5-M-282-2023.pdf
Perú,2023-12-12,2023,7-5-M/282,notif_oea_art27,,http://www.oas.org/es/sla/ddi/docs/tratados_multilaterales_suspencion_garantias_Peru_nota_No_7-5-M-284-2023.pdf
Perú,2023-12-15,2023,7-5-M/283 y Nota No. 7-5-M/284 con sus respectivos anexos,notif_oea_art27,,http://www.oas.org/es/sla/ddi/docs/tratados_multilaterales_suspencion_garantias_Peru_nota_No_7-5-M-283-2023.pdf
El Salvador,2023-12-26,2023,MPOEA - OEA-222/2023,notif_oea_art27,,http://www.oas.org/es/sla/ddi/docs/tratados_multilaterales_suspencion_garantias_El_Salvador_nota_No_222-2023.pdf
Chile,2023-12-29,2023,345-23,notif_oea_art27,,http://www.oas.org/es/sla/ddi/docs/tratados_multilaterales_suspencion_garantias_Chile_nota_No_345-23.pdf
Perú,2024-01-05,2024,7-5-M/005,notif_oea_art27,,http://www.oas.org/es/sla/ddi/docs/tratados_multilaterales_suspencion_garantias_Peru_nota_No_7-5-M-128-2024.pdf
Ecuador,2024-01-09,2024,4-2-007/2024,notif_oea_art27,,http://www.oas.org/es/sla/ddi/docs/tratados_multilaterales_suspencion_garantias_Ecuador_nota_No_4-2-007-2024.pdf
Ecuador,2024-01-09,2024,4-2-004/2024,notif_oea_art27,,http://www.oas.org/es/sla/ddi/docs/tratados_multilaterales_suspencion_garantias_Ecuador_nota_No_4-2-004-2024.pdf
Perú,2024-01-12,2024,7-5-M/007 y Nota No. 7-5-M/008 con sus respectivos anexos,notif_oea_art27,,http://www.oas.org/es/sla/ddi/docs/tratados_multilaterales_suspencion_garantias_Peru_nota_No_7-5-M-127-2024.pdf
El Salvador,2024-01-17,2024,MPOEA - OEA-007/2024,notif_oea_art27,,http://www.oas.org/es/sla/ddi/docs/tratados_multilaterales_suspencion_garantias_El_Salvador_nota_No_007-2024.pdf
Perú,2024-01-18,2024,7-5-M/011 con sus respectivos anexos,notif_oea_art27,,http://www.oas.org/es/sla/ddi/docs/tratados_multilaterales_suspencion_garantias_Peru_nota_No_7-5-M-137-2024.pdf
Perú,2024-01-31,2024,7-5-M/021 y Nota No. 7-5-M/022 con sus respectivos anexos,notif_oea_art27,,http://www.oas.org/es/sla/ddi/docs/tratados_multilaterales_suspencion_garantias_Peru_nota_No_7-5-M-140-2024.pdf
Perú,2024-02-01,2024,7-5-M/024,notif_oea_art27,,http://www.oas.org/es/sla/ddi/docs/tratados_multilaterales_suspencion_garantias_Peru_nota_No_7-5-M-139-2024.pdf
Chile,2024-02-06,2024,18-24,notif_oea_art27,,http://www.oas.org/es/sla/ddi/docs/tratados_multilaterales_suspencion_garantias_Chile_nota_No_69-24.pdf
Perú,2024-02-07,2024,7-5-M/030,notif_oea_art27,,http://www.oas.org/es/sla/ddi/docs/tratados_multilaterales_suspencion_garantias_Peru_nota_No_7-5-M-141-2024.pdf
Perú,2024-02-14,2024,7-5-M/033 y Nota No. 7-5-M/034 con sus respectivos anexos,notif_oea_art27,,http://www.oas.org/es/sla/ddi/docs/tratados_multilaterales_suspencion_garantias_Peru_nota_No_7-5-M-148-2024.pdf
El Salvador,2024-02-22,2024,MPOEA - OEA-024/2024,notif_oea_art27,,http://www.oas.org/es/sla/ddi/docs/tratados_multilaterales_suspencion_garantias_El_Salvador_nota_No_024-2024.pdf
Perú,2024-03-06,2024,7-5-M/044 y Nota No. 7-5-M/045 con sus respectivos anexos,notif_oea_art27,,http://www.oas.org/es/sla/ddi/docs/tratados_multilaterales_suspencion_garantias_Peru_nota_No_7-5-M-147-2024.pdf
Chile,2024-03-07,2024,69-24,notif_oea_art27,,http://www.oas.org/es/sla/ddi/docs/tratados_multilaterales_suspencion_garantias_Chile_nota_No_110-24.pdf
Ecuador,2024-03-08,2024,4-2-051/2024,notif_oea_art27,,http://www.oas.org/es/sla/ddi/docs/tratados_multilaterales_suspencion_garantias_Ecuador_nota_No_4-2-051-2024.pdf
El Salvador,2024-03-19,2024,MPOEA - OEA-038/2024,notif_oea_art27,,http://www.oas.org/es/sla/ddi/docs/tratados_multilaterales_suspencion_garantias_El_Salvador_nota_No_038-2024.pdf
Perú,2024-04-04,2024,7-5-M/064,notif_oea_art27,,http://www.oas.org/es/sla/ddi/docs/tratados_multilaterales_suspencion_garantias_Peru_nota_No_7-5-M-146-2024.pdf
Perú,2024-04-16,2024,7-5-M/074,notif_oea_art27,,http://www.oas.org/es/sla/ddi/docs/tratados_multilaterales_suspencion_garantias_Peru_nota_No_7-5-M-145-2024.pdf
Perú,2024-04-18,2024,7-5-M/077,notif_oea_art27,,http://www.oas.org/es/sla/ddi/docs/tratados_multilaterales_suspencion_garantias_Peru_nota_No_7-5-M-164-2024.pdf
Ecuador,2024-04-22,2024,4-2-090/2024,notif_oea_art27,,http://www.oas.org/es/sla/ddi/docs/tratados_multilaterales_suspencion_garantias_Ecuador_nota_No_4-2-090-2024.pdf
El Salvador,2024-04-24,2024,MPOEA - OEA-065/2024,notif_oea_art27,,http://www.oas.org/es/sla/ddi/docs/tratados_multilaterales_suspencion_garantias_El_Salvador_nota_No_065-2024.pdf
Ecuador,2024-05-02,2024,4-2-098/2024,notif_oea_art27,,http://www.oas.org/es/sla/ddi/docs/tratados_multilaterales_suspencion_garantias_Ecuador_nota_No_4-2-098-2024.pdf
Perú,2024-05-03,2024,7-5-M/089 y Nota No. 7-5-M/090 con sus respectivos anexos,notif_oea_art27,,http://www.oas.org/es/sla/ddi/docs/tratados_multilaterales_suspencion_garantias_Peru_nota_No_7-5-M-169-2024.pdf
Chile,2024-05-03,2024,109-24 y Nota No. 110-24,notif_oea_art27,,http://www.oas.org/es/sla/ddi/docs/tratados_multilaterales_suspencion_garantias_Chile_nota_No_109-24.pdf
El Salvador,2024-05-20,2024,MPOEA - OEA-075/2024,notif_oea_art27,,http://www.oas.org/es/sla/ddi/docs/tratados_multilaterales_suspencion_garantias_El_Salvador_nota_No_075-2024.pdf
Ecuador,2024-05-23,2024,4-2-104/2024,notif_oea_art27,,http://www.oas.org/es/sla/ddi/docs/tratados_multilaterales_suspencion_garantias_Ecuador_nota_No_4-2-104-2024.pdf
Perú,2024-06-03,2024,7-5-M/103 con su respectivo anexo,notif_oea_art27,,http://www.oas.org/es/sla/ddi/docs/tratados_multilaterales_suspencion_garantias_Peru_nota_No_7-5-M-172-2024.pdf
Perú,2024-06-05,2024,7-5-M/105 con su respectivo anexo,notif_oea_art27,,http://www.oas.org/es/sla/ddi/docs/tratados_multilaterales_suspencion_garantias_Peru_nota_No_7-5-M-171-2024.pdf
Perú,2024-06-06,2024,7-5-M/106 con su respectivo anexo,notif_oea_art27,,http://www.oas.org/es/sla/ddi/docs/tratados_multilaterales_suspencion_garantias_Peru_nota_No_7-5-M-170-2024.pdf
Perú,2024-06-11,2024,7-5-M/111,notif_oea_art27,,http://www.oas.org/es/sla/ddi/docs/tratados_multilaterales_suspencion_garantias_Peru_nota_No_7-5-M-183-2024.pdf
El Salvador,2024-06-25,2024,MPOEA - OEA-102/2024,notif_oea_art27,,http://www.oas.org/es/sla/ddi/docs/tratados_multilaterales_suspencion_garantias_El_Salvador_nota_No_102-2024.pdf
Ecuador,2024-07-03,2024,4-2-130/2024,notif_oea_art27,,http://www.oas.org/es/sla/ddi/docs/tratados_multilaterales_suspencion_garantias_Ecuador_nota_No_4-2-130-2024.pdf
Chile,2024-07-08,2024,160-24,notif_oea_art27,,http://www.oas.org/es/sla/ddi/docs/tratados_multilaterales_suspencion_garantias_Chile_nota_No_160-24.pdf
Perú,2024-07-09,2024,7-5-M/125 y Nota No. 7-5-M/126 con sus respectivos anexos,notif_oea_art27,,http://www.oas.org/es/sla/ddi/docs/tratados_multilaterales_suspencion_garantias_Peru_nota_No_7-5-M-185-2024.pdf
Perú,2024-07-15,2024,7-5-M/127,notif_oea_art27,,http://www.oas.org/es/sla/ddi/docs/tratados_multilaterales_suspencion_garantias_Peru_nota_No_7-5-M-190-2024.pdf
El Salvador,2024-07-19,2024,MPOEA - OEA-124/2024,notif_oea_art27,,http://www.oas.org/es/sla/ddi/docs/tratados_multilaterales_suspencion_garantias_El_Salvador_nota_No_124-2024.pdf
Perú,2024-08-01,2024,7-5-M/137 con su respectivo anexo,notif_oea_art27,,http://www.oas.org/es/sla/ddi/docs/tratados_multilaterales_suspencion_garantias_Peru_nota_No_7-5-M-196-2024.pdf
Perú,2024-08-02,2024,7-5-M/139 y Nota No. 7-5-M/140 con sus respectivos anexos,notif_oea_art27,,http://www.oas.org/es/sla/ddi/docs/tratados_multilaterales_suspencion_garantias_Peru_nota_No_7-5-M-195-2024.pdf
Perú,2024-08-06,2024,7-5-M/141 con su respectivo anexo,notif_oea_art27,,http://www.oas.org/es/sla/ddi/docs/tratados_multilaterales_suspencion_garantias_Peru_nota_No_7-5-M-194-2024.pdf
Perú,2024-08-12,2024,7-5-M/145,notif_oea_art27,,http://www.oas.org/es/sla/ddi/docs/tratados_multilaterales_suspencion_garantias_Peru_nota_No_7-5-M-193-2024.pdf
Ecuador,2024-08-12,2024,4-2-160/2024,notif_oea_art27,,http://www.oas.org/es/sla/ddi/docs/tratados_multilaterales_suspencion_garantias_Ecuador_nota_No_4-2-160-2024.pdf
El Salvador,2024-08-20,2024,MPOEA - OEA-138/2024,notif_oea_art27,,http://www.oas.org/es/sla/ddi/docs/tratados_multilaterales_suspencion_garantias_El_Salvador_nota_No_138-2024.pdf
Perú,2024-09-03,2024,7-5-M/164 con su respectivo anexo,notif_oea_art27,,http://www.oas.org/es/sla/ddi/docs/tratados_multilaterales_suspencion_garantias_Peru_nota_No_7-5-M-206-2024.pdf
Ecuador,2024-09-03,2024,4-2-172/2024,notif_oea_art27,,http://www.oas.org/es/sla/ddi/docs/tratados_multilaterales_suspencion_garantias_Ecuador_nota_No_4-2-172-2024.pdf
Perú,2024-09-05,2024,7-5-M/169 con su respectivo anexo,notif_oea_art27,,http://www.oas.org/es/sla/ddi/docs/tratados_multilaterales_suspencion_garantias_Peru_nota_No_7-5-M-210-2024.pdf
Perú,2024-09-09,2024,7-5-M/170,notif_oea_art27,,http://www.oas.org/es/sla/ddi/docs/tratados_multilaterales_suspencion_garantias_Peru_nota_No_7-5-M-209-2024.pdf
Chile,2024-09-12,2024,207-24,notif_oea_art27,,http://www.oas.org/es/sla/ddi/docs/tratados_multilaterales_suspencion_garantias_Chile_nota_No_207-24.pdf
El Salvador,2024-09-17,2024,MPOEA - OEA-151/2024,notif_oea_art27,,http://www.oas.org/es/sla/ddi/docs/tratados_multilaterales_suspencion_garantias_El_Salvador_nota_No_151-2024.pdf
Perú,2024-09-30,2024,7-5-M/183 con su respectivo anexo,notif_oea_art27,,http://www.oas.org/es/sla/ddi/docs/tratados_multilaterales_suspencion_garantias_Peru_nota_No_7-5-M-219-2024.pdf
Perú,2024-10-02,2024,7-5-M/185 con su respectivo anexo,notif_oea_art27,,http://www.oas.org/es/sla/ddi/docs/tratados_multilaterales_suspencion_garantias_Peru_nota_No_7-5-M-218-2024.pdf
Ecuador,2024-10-03,2024,4-2-194/2024,notif_oea_art27,,http://www.oas.org/es/sla/ddi/docs/tratados_multilaterales_suspencion_garantias_Ecuador_nota_No_4-2-194-2024.pdf
Perú,2024-10-04,2024,7-5-M/190 con su respectivo anexo,notif_oea_art27,,http://www.oas.org/es/sla/ddi/docs/tratados_multilaterales_suspencion_garantias_Peru_nota_No_7-5-M-217-2024.pdf
Perú,2024-10-11,2024,7-5-M/193,notif_oea_art27,,http://www.oas.org/es/sla/ddi/docs/tratados_multilaterales_suspencion_garantias_Peru_nota_No_7-5-M-222-2024.pdf
El Salvador,2024-10-21,2024,MPOEA - OEA-166/2024,notif_oea_art27,,http://www.oas.org/es/sla/ddi/docs/tratados_multilaterales_suspencion_garantias_El_Salvador_nota_No_166-2024.pdf
Perú,2024-10-25,2024,7-5-M/206 con su respectivo anexo,notif_oea_art27,,http://www.oas.org/es/sla/ddi/docs/tratados_multilaterales_suspencion_garantias_Peru_nota_No_7-5-M-233-2024.pdf
Perú,2024-11-01,2024,7-5-M/209 y Nota No. 7-5-M/210 con sus respectivos anexos,notif_oea_art27,,http://www.oas.org/es/sla/ddi/docs/tratados_multilaterales_suspencion_garantias_Peru_nota_No_7-5-M-224-2024.pdf
Chile,2024-11-06,2024,236-24,notif_oea_art27,,http://www.oas.org/es/sla/ddi/docs/tratados_multilaterales_suspencion_garantias_Chile_nota_No_236-24.pdf
Perú,2024-11-09,2024,7-5-M/217,notif_oea_art27,,http://www.oas.org/es/sla/ddi/docs/tratados_multilaterales_suspencion_garantias_Peru_nota_No_7-5-M-227-2024.pdf
El Salvador,2024-11-18,2024,MPOEA - OEA-181/2024,notif_oea_art27,,http://www.oas.org/es/sla/ddi/docs/tratados_multilaterales_suspencion_garantias_El_Salvador_nota_No_181-2024.pdf
Perú,2024-11-25,2024,7-5-M/222 con su respectivo anexo,notif_oea_art27,,http://www.oas.org/es/sla/ddi/docs/tratados_multilaterales_suspencion_garantias_Peru_nota_No_7-5-M-234-2024.pdf
Perú,2024-11-28,2024,7-5-M/233 con su respectivo anexo,notif_oea_art27,,http://www.oas.org/es/sla/ddi/docs/tratados_multilaterales_suspencion_garantias_Peru_nota_No_7-5-M-235-2024.pdf
Perú,2024-12-02,2024,7-5-M/224 con su respectivo anexo,notif_oea_art27,,http://www.oas.org/es/sla/ddi/docs/tratados_multilaterales_suspencion_garantias_Peru_nota_No_7-5-M-239-2024.pdf
Perú,2024-12-03,2024,7-5-M/227 con su respectivo anexo,notif_oea_art27,,http://www.oas.org/es/sla/ddi/docs/tratados_multilaterales_suspencion_garantias_Peru_nota_No_7-5-M-238-2024.pdf
Perú,2024-12-11,2024,7-5-M/235 con su respectivo anexo,notif_oea_art27,,http://www.oas.org/es/sla/ddi/docs/tratados_multilaterales_suspencion_garantias_Peru_nota_No_7-5-M-247-2024.pdf
Perú,2024-12-11,2024,7-5-M/234 con su respectivo anexo,notif_oea_art27,,http://www.oas.org/es/sla/ddi/docs/tratados_multilaterales_suspencion_garantias_Peru_nota_No_7-5-M-237-2024.pdf
Perú,2024-12-12,2024,7-5-M/237,notif_oea_art27,,http://www.oas.org/es/sla/ddi/docs/tratados_multilaterales_suspencion_garantias_Peru_nota_No_7-5-M-246-2024.pdf
El Salvador,2024-12-23,2024,MPOEA - OEA-191/2024,notif_oea_art27,,http://www.oas.org/es/sla/ddi/docs/tratados_multilaterales_suspencion_garantias_El_Salvador_nota_No_191-2024.pdf
Perú,2024-12-27,2024,7-5-M/245,notif_oea_art27,,http://www.oas.org/es/sla/ddi/docs/tratados_multilaterales_suspencion_garantias_Peru_nota_No_7-5-M-245-2024.pdf
Ecuador,2025-01-03,2025,4-2-002/2025,notif_oea_art27,,http://www.oas.org/es/sla/ddi/docs/tratados_multilaterales_suspencion_garantias_Ecuador_nota_No_4-2-249-2025.pdf
Chile,2025-01-08,2025,01-25,notif_oea_art27,,http://www.oas.org/es/sla/ddi/docs/tratados_multilaterales_suspencion_garantias_Chile_nota_No_01-25.pdf
El Salvador,2025-01-16,2025,MPOEA - OEA-006/2025,notif_oea_art27,,http://www.oas.org/es/sla/ddi/docs/tratados_multilaterales_suspencion_garantias_El_Salvador_nota_No_012-2025.pdf
Colombia,2025-01-24,2025,7-5-M/020 y Nota No. 7-5-M/021 con sus respectivos anexos,notif_oea_art27,,http://www.oas.org/es/sla/ddi/docs/tratados_multilaterales_suspencion_garantias_Colombia_nota_MPC-OEA-No-076-2025.pdf
El Salvador,2025-02-14,2025,MPOEA - OEA-012/2025,notif_oea_art27,,http://www.oas.org/es/sla/ddi/docs/tratados_multilaterales_suspencion_garantias_El_Salvador_nota_No_019-2025.pdf
Chile,2025-02-14,2025,21-25,notif_oea_art27,,http://www.oas.org/es/sla/ddi/docs/tratados_multilaterales_suspencion_garantias_Chile_nota_No_21-25.pdf
Colombia,2025-02-14,2025,MPC/OEA/ No.169.1/2025,notif_oea_art27,,http://www.oas.org/es/sla/ddi/docs/tratados_multilaterales_suspencion_garantias_Colombia_nota_No_169.1-2025.pdf
Chile,2025-02-18,2025,22-25,notif_oea_art27,,http://www.oas.org/es/sla/ddi/docs/tratados_multilaterales_suspencion_garantias_Chile_nota_No_22-25.pdf
Colombia,2025-02-19,2025,MPC/OEA/ No.244/2025,notif_oea_art27,,http://www.oas.org/es/sla/ddi/docs/tratados_multilaterales_suspencion_garantias_Colombia_nota_No_244-2025.pdf
Perú,2025-02-24,2025,7-5-M/048 con su respectivo anexo,notif_oea_art27,,http://www.oas.org/es/sla/ddi/docs/tratados_multilaterales_suspencion_garantias_Peru_nota_No_7-5-M-121-2025.pdf
Chile,2025-02-27,2025,27-25,notif_oea_art27,,http://www.oas.org/es/sla/ddi/docs/tratados_multilaterales_suspencion_garantias_Chile_nota_No_27-25.pdf
Perú,2025-03-03,2025,7-5-M/057 con su respectivo anexo,notif_oea_art27,,http://www.oas.org/es/sla/ddi/docs/tratados_multilaterales_suspencion_garantias_Peru_nota_No_7-5-M-126-2025.pdf
Perú,2025-03-06,2025,7-5-M/064 con su respectivo anexo,notif_oea_art27,,http://www.oas.org/es/sla/ddi/docs/tratados_multilaterales_suspencion_garantias_Peru_nota_No_7-5-M-127-2025.pdf
Perú,2025-03-20,2025,7-5-M/078 con su respectivo anexo,notif_oea_art27,,http://www.oas.org/es/sla/ddi/docs/tratados_multilaterales_suspencion_garantias_Peru_nota_No_7-5-M-135-2025.pdf
Perú,2025-03-25,2025,7-5-M/081 con su respectivo anexo,notif_oea_art27,,http://www.oas.org/es/sla/ddi/docs/tratados_multilaterales_suspencion_garantias_Peru_nota_No_7-5-M-140-2025.pdf
Colombia,2025-04-02,2025,MPC/OEA/ No.488/2025,notif_oea_art27,,http://www.oas.org/es/sla/ddi/docs/tratados_multilaterales_suspencion_garantias_Colombia_nota_No_488-2025.pdf
Perú,2025-04-14,2025,7-5-M/095 con su respectivo anexo,notif_oea_art27,,http://www.oas.org/es/sla/ddi/docs/tratados_multilaterales_suspencion_garantias_Peru_nota_No_7-5-M-148-2025.pdf
El Salvador,2025-04-14,2025,MPOEA - OEA-028/2025,notif_oea_art27,,http://www.oas.org/es/sla/ddi/docs/tratados_multilaterales_suspencion_garantias_El_Salvador_nota_No_028-2025.pdf
Colombia,2025-04-14,2025,MPC/OEA/ No.583/2025,notif_oea_art27,,http://www.oas.org/es/sla/ddi/docs/tratados_multilaterales_suspencion_garantias_Colombia_nota_No_583-2025.pdf
Ecuador,2025-04-15,2025,4-2-073/2025,notif_oea_art27,,http://www.oas.org/es/sla/ddi/docs/tratados_multilaterales_suspencion_garantias_Ecuador_nota_No_4-2-287-2025.pdf
El Salvador,2025-04-20,2025,MPOEA - OEA-039/2025,notif_oea_art27,,http://www.oas.org/es/sla/ddi/docs/tratados_multilaterales_suspencion_garantias_El_Salvador_nota_No_039-2025.pdf
Perú,2025-04-22,2025,7-5-M/099 con su respectivo anexo,notif_oea_art27,,http://www.oas.org/es/sla/ddi/docs/tratados_multilaterales_suspencion_garantias_Peru_nota_No_7-5-M-147-2025.pdf
Colombia,2025-04-24,2025,MPC/OEA/ No.656/2025,notif_oea_art27,,http://www.oas.org/es/sla/ddi/docs/tratados_multilaterales_suspencion_garantias_Colombia_nota_No_656-2025.pdf
Perú,2025-05-07,2025,,notif_oea_art27,,http://www.oas.org/es/sla/ddi/docs/tratados_multilaterales_suspencion_garantias_Peru_nota_No_7-5-M-146-2025.pdf
Perú,2025-05-12,2025,7-5-M/110 con su respectivo anexo,notif_oea_art27,,http://www.oas.org/es/sla/ddi/docs/tratados_multilaterales_suspencion_garantias_Peru_nota_No_7-5-M-153-2025.pdf
Perú,2025-05-13,2025,,notif_oea_art27,,http://www.oas.org/es/sla/ddi/docs/tratados_multilaterales_suspencion_garantias_Peru_nota_No_7-5-M-156-2025.pdf
Perú,2025-05-20,2025,7-5-M/114 con su respectivo anexo,notif_oea_art27,,http://www.oas.org/es/sla/ddi/docs/tratados_multilaterales_suspencion_garantias_Peru_nota_No_7-5-M-155-2025.pdf
Perú,2025-05-23,2025,7-5-M/115 con su respectivo anexo,notif_oea_art27,,http://www.oas.org/es/sla/ddi/docs/tratados_multilaterales_suspencion_garantias_Peru_nota_No_7-5-M-161-2025.pdf
Perú,2025-05-29,2025,7-5-M/117 con su respectivo anexo,notif_oea_art27,,http://www.oas.org/es/sla/ddi/docs/tratados_multilaterales_suspencion_garantias_Peru_nota_No_7-5-M-160-2025.pdf
Perú,2025-05-30,2025,7-5-M/118 con su respectivo anexo,notif_oea_art27,,http://www.oas.org/es/sla/ddi/docs/tratados_multilaterales_suspencion_garantias_Peru_nota_No_7-5-M-159-2025.pdf
Chile,2025-05-30,2025,92-25,notif_oea_art27,,http://www.oas.org/es/sla/ddi/docs/tratados_multilaterales_suspencion_garantias_Chile_nota_No_92-25.pdf
Perú,2025-06-04,2025,7-5-M/119 con su respectivo anexo,notif_oea_art27,,http://www.oas.org/es/sla/ddi/docs/tratados_multilaterales_suspencion_garantias_Peru_nota_No_7-5-M-168-2025.pdf
Perú,2025-06-09,2025,7-5-M/121 y Nota No. 7-5-M/122,notif_oea_art27,,http://www.oas.org/es/sla/ddi/docs/tratados_multilaterales_suspencion_garantias_Peru_nota_No_7-5-M-179-2025.pdf
Perú,2025-06-17,2025,7-5-M/127 con su respectivo anexo,notif_oea_art27,,http://www.oas.org/es/sla/ddi/docs/tratados_multilaterales_suspencion_garantias_Peru_nota_No_7-5-M-191-2025.pdf
Perú,2025-06-17,2025,7-5-M/126 con su respectivo anexo,notif_oea_art27,,http://www.oas.org/es/sla/ddi/docs/tratados_multilaterales_suspencion_garantias_Peru_nota_No_7-5-M-181-2025.pdf
El Salvador,2025-06-23,2025,MPOEA - OEA-059/2025,notif_oea_art27,,http://www.oas.org/es/sla/ddi/docs/tratados_multilaterales_suspencion_garantias_El_Salvador_nota_No_059-2025.pdf
Perú,2025-06-24,2025,7-5-M/135 con su respectivo anexo,notif_oea_art27,,http://www.oas.org/es/sla/ddi/docs/tratados_multilaterales_suspencion_garantias_Peru_nota_No_7-5-M-194-2025.pdf
Panamá,2025-06-24,2025,NV-PANA-OEA-2-248 con su respectivo anexo,notif_oea_art27,,http://www.oas.org/es/sla/ddi/docs/tratados_multilaterales_suspencion_garantias_Panama_nota_No_2-248-2025.pdf
Panamá,2025-06-26,2025,NV-PANA-OEA-2-257 con su respectivo anexo,notif_oea_art27,,http://www.oas.org/es/sla/ddi/docs/tratados_multilaterales_suspencion_garantias_Panama_nota_No_2-257-2025.pdf
El Salvador,2025-06-29,2025,MPOEA - OEA-074/2025,notif_oea_art27,,http://www.oas.org/es/sla/ddi/docs/tratados_multilaterales_suspencion_garantias_El_Salvador_nota_No_074-2025.pdf
Perú,2025-07-01,2025,7-5-M/140 con su respectivo anexo,notif_oea_art27,,http://www.oas.org/es/sla/ddi/docs/tratados_multilaterales_suspencion_garantias_Peru_nota_No_7-5-M-197-2025.pdf
Perú,2025-07-07,2025,7-5-M/146,notif_oea_art27,,http://www.oas.org/es/sla/ddi/docs/tratados_multilaterales_suspencion_garantias_Peru_nota_No_7-5-M-196-2025.pdf
Perú,2025-07-22,2025,7-5-M/153 con su respectivo anexo,notif_oea_art27,,http://www.oas.org/es/sla/ddi/docs/tratados_multilaterales_suspencion_garantias_Peru_nota_No_7-5-M-206-2025.pdf
Perú,2025-07-28,2025,7-5-M/155 y Nota No. 7-5-M/156,notif_oea_art27,,http://www.oas.org/es/sla/ddi/docs/tratados_multilaterales_suspencion_garantias_Peru_nota_No_7-5-M-211-2025.pdf
Perú,2025-08-01,2025,7-5-M/159,notif_oea_art27,,http://www.oas.org/es/sla/ddi/docs/tratados_multilaterales_suspencion_garantias_Peru_nota_No_7-5-M-216-2025.pdf
Perú,2025-08-14,2025,7-5-M/168 con su respectivo anexo,notif_oea_art27,,http://www.oas.org/es/sla/ddi/docs/tratados_multilaterales_suspencion_garantias_Peru_nota_No_7-5-M-239-2025.pdf
El Salvador,2025-08-19,2025,MPOEA - OEA-091/2025,notif_oea_art27,,http://www.oas.org/es/sla/ddi/docs/tratados_multilaterales_suspencion_garantias_El_Salvador_nota_No_091-2025.pdf
Perú,2025-09-02,2025,7-5-M/179 con su respectivo anexo,notif_oea_art27,,http://www.oas.org/es/sla/ddi/docs/tratados_multilaterales_suspencion_garantias_Peru_nota_No_7-5-M-238-2025.pdf
Perú,2025-09-05,2025,7-5-M/181 con su respectivo anexo,notif_oea_art27,,http://www.oas.org/es/sla/ddi/docs/tratados_multilaterales_suspencion_garantias_Peru_nota_No_7-5-M-237-2025.pdf
Chile,2025-09-08,2025,205-25,notif_oea_art27,,http://www.oas.org/es/sla/ddi/docs/tratados_multilaterales_suspencion_garantias_Chile_nota_No_205-25.pdf
Perú,2025-09-23,2025,7-5-M/191 con su respectivo anexo,notif_oea_art27,,http://www.oas.org/es/sla/ddi/docs/tratados_multilaterales_suspencion_garantias_Peru_nota_No_7-5-M-244-2025.pdf
Perú,2025-09-24,2025,7-5-M/194 con su respectivo anexo,notif_oea_art27,,http://www.oas.org/es/sla/ddi/docs/tratados_multilaterales_suspencion_garantias_Peru_nota_No_7-5-M-252-2025.pdf
El Salvador,2025-09-24,2025,MPOEA - OEA-114/2025,notif_oea_art27,,http://www.oas.org/es/sla/ddi/docs/tratados_multilaterales_suspencion_garantias_El_Salvador_nota_No_114-2025.pdf
Perú,2025-09-26,2025,7-5-M/196 y Nota No. 7-5-M/197,notif_oea_art27,,http://www.oas.org/es/sla/ddi/docs/tratados_multilaterales_suspencion_garantias_Peru_nota_No_7-5-M-251-2025.pdf
Perú,2025-10-07,2025,7-5-M/206 con su respectivo anexo,notif_oea_art27,,http://www.oas.org/es/sla/ddi/docs/tratados_multilaterales_suspencion_garantias_Peru_nota_No_7-5-M-250-2025.pdf
Perú,2025-10-14,2025,7-5-M/211 con su respectivo anexo,notif_oea_art27,,http://www.oas.org/es/sla/ddi/docs/tratados_multilaterales_suspencion_garantias_Peru_nota_No_7-5-M-249-2025.pdf
El Salvador,2025-10-22,2025,MPOEA - OEA-134/2025,notif_oea_art27,,http://www.oas.org/es/sla/ddi/docs/tratados_multilaterales_suspencion_garantias_El_Salvador_nota_No_134-2025.pdf
Perú,2025-10-23,2025,7-5-M/216 con su respectivo anexo,notif_oea_art27,,http://www.oas.org/es/sla/ddi/docs/tratados_multilaterales_suspencion_garantias_Peru_nota_No_7-5-M-256-2025.pdf
Chile,2025-11-12,2025,286-25,notif_oea_art27,,http://www.oas.org/es/sla/ddi/docs/tratados_multilaterales_suspencion_garantias_Chile_nota_No_286-25.pdf
Perú,2025-11-21,2025,7-5-M/238 y Nota No. 7-5-M/239,notif_oea_art27,,http://www.oas.org/es/sla/ddi/docs/tratados_multilaterales_suspencion_garantias_Peru_nota_No_7-5-M-255-2025.pdf
Perú,2025-11-24,2025,7-5-M/237 con su respectivo anexo,notif_oea_art27,,http://www.oas.org/es/sla/ddi/docs/tratados_multilaterales_suspencion_garantias_Peru_nota_No_7-5-M-001-2026.pdf
Perú,2025-11-26,2025,7-5-M/244 con su respectivo anexo,notif_oea_art27,,http://www.oas.org/es/sla/ddi/docs/tratados_multilaterales_suspencion_garantias_Peru_nota_No_7-5-M-010-2026.pdf
El Salvador,2025-11-26,2025,MPOEA - OEA-152/2025,notif_oea_art27,,http://www.oas.org/es/sla/ddi/docs/tratados_multilaterales_suspencion_garantias_El_Salvador_nota_No_152-2025.pdf
Perú,2025-12-17,2025,7-5-M/249,notif_oea_art27,,http://www.oas.org/es/sla/ddi/docs/tratados_multilaterales_suspencion_garantias_Peru_nota_No_7-5-M-030-2026.pdf
Colombia,2025-12-23,2025,MPC/OEA No.2075/2025,notif_oea_art27,,http://www.oas.org/es/sla/ddi/docs/tratados_multilaterales_suspencion_garantias_Colombia_nota_No_2075-2025.pdf
Perú,2025-12-24,2025,7-5-M/255,notif_oea_art27,,http://www.oas.org/es/sla/ddi/docs/tratados_multilaterales_suspencion_garantias_Peru_nota_No_7-5-M-028-2026.pdf
El Salvador,2025-12-26,2025,MPOEA - OEA-165/2025,notif_oea_art27,,http://www.oas.org/es/sla/ddi/docs/tratados_multilaterales_suspencion_garantias_El_Salvador_nota_No_165-2025.pdf
Colombia,2025-12-31,2025,MPC/OEA No.2106/2025,notif_oea_art27,,http://www.oas.org/es/sla/ddi/docs/tratados_multilaterales_suspencion_garantias_Colombia_nota_No_2106-2025.pdf
Ecuador,2026-01-05,2026,4-2-1/2026,notif_oea_art27,,http://www.oas.org/es/sla/ddi/docs/tratados_multilaterales_suspencion_garantias_Ecuador_nota_No_4-2-1-2026.pdf
Perú,2026-01-05,2026,7-5-M/001 con su respectivo anexo,notif_oea_art27,,http://www.oas.org/es/sla/ddi/docs/tratados_multilaterales_suspencion_garantias_Peru_nota_No_7-5-M-029-2026.pdf
Chile,2026-01-05,2026,3-26,notif_oea_art27,,http://www.oas.org/es/sla/ddi/docs/tratados_multilaterales_suspencion_garantias_Chile_nota_No_3-26.pdf
Perú,2026-01-12,2026,7-5-M/010 con su respectivo anexo,notif_oea_art27,,http://www.oas.org/es/sla/ddi/docs/tratados_multilaterales_suspencion_garantias_Peru_nota_No_7-5-M-033-2026.pdf
Chile,2026-01-20,2026,11-26,notif_oea_art27,,http://www.oas.org/es/sla/ddi/docs/tratados_multilaterales_suspencion_garantias_Chile_nota_No_11-26.pdf
Guatemala,2026-01-20,2026,,notif_oea_art27,,http://www.oas.org/es/sla/ddi/docs/tratados_multilaterales_suspencion_garantias_Guatemala_nota_OEA-M4-NV-05-2026.pdf
El Salvador,2026-01-23,2026,MPOEA - OEA-02/2026,notif_oea_art27,,http://www.oas.org/es/sla/ddi/docs/tratados_multilaterales_suspencion_garantias_El_Salvador_nota_No_02-2026.pdf
Perú,2026-01-30,2026,7-5-M/029,notif_oea_art27,,http://www.oas.org/es/sla/ddi/docs/tratados_multilaterales_suspencion_garantias_Peru_nota_No_7-5-M-051-2026.pdf
Perú,2026-01-30,2026,7-5-M/028,notif_oea_art27,,http://www.oas.org/es/sla/ddi/docs/tratados_multilaterales_suspencion_garantias_Peru_nota_No_7-5-M-036-2026.pdf
Colombia,2026-01-30,2026,MPC/OEA No. 116/2026,notif_oea_art27,,http://www.oas.org/es/sla/ddi/docs/tratados_multilaterales_suspencion_garantias_Colombia_nota_No_116-2026.pdf
Perú,2026-02-04,2026,7-5-M/033 con su respectivo anexo,notif_oea_art27,,http://www.oas.org/es/sla/ddi/docs/tratados_multilaterales_suspencion_garantias_Peru_nota_No_7-5-M-055-2026.pdf
Perú,2026-02-12,2026,7-5-M/036 con su respectivo anexo,notif_oea_art27,,http://www.oas.org/es/sla/ddi/docs/tratados_multilaterales_suspencion_garantias_Peru_nota_No_7-5-M-059-2026.pdf
Colombia,2026-02-12,2026,MPC/OEA No. 161/2026,notif_oea_art27,,http://www.oas.org/es/sla/ddi/docs/tratados_multilaterales_suspencion_garantias_Colombia_nota_No_161-2026.pdf
Guatemala,2026-02-17,2026,M4-NV-22-2026,notif_oea_art27,,http://www.oas.org/es/sla/ddi/docs/tratados_multilaterales_suspencion_garantias_Guatemala_nota_No_M4-NV-22-2026.pdf
Chile,2026-02-19,2026,33-26,notif_oea_art27,,http://www.oas.org/es/sla/ddi/docs/tratados_multilaterales_suspencion_garantias_Chile_nota_No_33-26.pdf
Colombia,2026-02-27,2026,MPC/OEA No. 218/2026,notif_oea_art27,,http://www.oas.org/es/sla/ddi/docs/tratados_multilaterales_suspencion_garantias_Colombia_nota_No_218-2026.pdf
El Salvador,2026-02-28,2026,MPOEA - OEA-017/2026,notif_oea_art27,,http://www.oas.org/es/sla/ddi/docs/tratados_multilaterales_suspencion_garantias_El_Salvador_nota_No_017-2026.pdf
Ecuador,2026-03-03,2026,4-2-43/2026,notif_oea_art27,,http://www.oas.org/es/sla/ddi/docs/tratados_multilaterales_suspencion_garantias_Ecuador_nota_No_4-2-43-2026.pdf
Perú,2026-03-04,2026,7-5-M/051 con su respectivo anexo,notif_oea_art27,,http://www.oas.org/es/sla/ddi/docs/tratados_multilaterales_suspencion_garantias_Peru_nota_No_7-5-M-063-2026.pdf
Chile,2026-03-05,2026,44-26,notif_oea_art27,,http://www.oas.org/es/sla/ddi/docs/tratados_multilaterales_suspencion_garantias_Chile_nota_No_44-26.pdf
Guatemala,2026-03-05,2026,OEA-M4-NV-039-2026,notif_oea_art27,,http://www.oas.org/es/sla/ddi/docs/tratados_multilaterales_suspencion_garantias_Guatemala_nota_No_M4-NV-039-26.pdf
Perú,2026-03-11,2026,7-5-M/055 con su respectivo anexo,notif_oea_art27,,http://www.oas.org/es/sla/ddi/docs/tratados_multilaterales_suspencion_garantias_Peru_nota_No_7-5-M-064-2026.pdf
Perú,2026-03-17,2026,7-5-M/059 con su respectivo anexo,notif_oea_art27,,http://www.oas.org/es/sla/ddi/docs/tratados_multilaterales_suspencion_garantias_Peru_nota_No_7-5-M-069-2026.pdf
Ecuador,2026-03-18,2026,4-2-62/2026,notif_oea_art27,,http://www.oas.org/es/sla/ddi/docs/tratados_multilaterales_suspencion_garantias_Ecuador_nota_No_4-2-62-2026.pdf
Guatemala,2026-03-20,2026,OEA-M4-NV-057-2026,notif_oea_art27,,http://www.oas.org/es/sla/ddi/docs/tratados_multilaterales_suspencion_garantias_Guatemala_nota_No_M4-NV-057-26.pdf
Ecuador,2026-03-24,2026,4-2-68/2026,notif_oea_art27,,http://www.oas.org/es/sla/ddi/docs/tratados_multilaterales_suspencion_garantias_Ecuador_nota_No_4-2-68-2026.pdf
Chile,2026-03-26,2026,54-26,notif_oea_art27,,http://www.oas.org/es/sla/ddi/docs/tratados_multilaterales_suspencion_garantias_Chile_nota_No_54-26.pdf
Perú,2026-03-30,2026,7-5-M/063 con sus respectivos anexos,notif_oea_art27,,http://www.oas.org/es/sla/ddi/docs/tratados_multilaterales_suspencion_garantias_Peru_nota_No_7-5-M-074-2026.pdf
El Salvador,2026-03-30,2026,MPOEA - OEA-029/2026,notif_oea_art27,,http://www.oas.org/es/sla/ddi/docs/tratados_multilaterales_suspencion_garantias_El_Salvador_nota_No_029-2026.pdf
Perú,2026-04-01,2026,7-5-M/064 con sus respectivos anexos,notif_oea_art27,,http://www.oas.org/es/sla/ddi/docs/tratados_multilaterales_suspencion_garantias_Peru_nota_No_7-5-M-078-2026.pdf
Ecuador,2026-04-06,2026,4-2-82/2026,notif_oea_art27,,http://www.oas.org/es/sla/ddi/docs/tratados_multilaterales_suspencion_garantias_Ecuador_nota_No_4-2-82-2026.pdf
Perú,2026-04-06,2026,7-5-M/069 con sus respectivos anexos,notif_oea_art27,,http://www.oas.org/es/sla/ddi/docs/tratados_multilaterales_suspencion_garantias_Peru_nota_No_7-5-M-091-2026.pdf
Guatemala,2026-04-09,2026,OEA-M4-NV-069-2026,notif_oea_art27,,http://www.oas.org/es/sla/ddi/docs/tratados_multilaterales_suspencion_garantias_Guatemala_nota_No_M4-NV-069-26.pdf
Perú,2026-04-14,2026,7-5-M/074 con susrespectivo anexo,notif_oea_art27,,http://www.oas.org/es/sla/ddi/docs/tratados_multilaterales_suspencion_garantias_Peru_nota_No_7-5-M-099-2026.pdf
Perú,2026-04-20,2026,7-5-M/078 con sus respectivos anexos,notif_oea_art27,,http://www.oas.org/es/sla/ddi/docs/tratados_multilaterales_suspencion_garantias_Peru_nota_No_7-5-M-098-2026.pdf
Guatemala,2026-04-22,2026,OEA-M4-NV-079-2026,notif_oea_art27,,http://www.oas.org/es/sla/ddi/docs/tratados_multilaterales_suspencion_garantias_Guatemala_nota_No_M4-NV-079-26.pdf
Colombia,2026-04-22,2026,MPC/OEA No. 499/2026,notif_oea_art27,,http://www.oas.org/es/sla/ddi/docs/tratados_multilaterales_suspencion_garantias_Colombia_nota_No_499-2026.pdf
Perú,2026-04-30,2026,7-5-M/091 con su respectivo anexo,notif_oea_art27,,http://www.oas.org/es/sla/ddi/docs/tratados_multilaterales_suspencion_garantias_Peru_nota_No_7-5-M-105-2026.pdf
El Salvador,2026-05-01,2026,MPOEA - OEA-037/2026,notif_oea_art27,,http://www.oas.org/es/sla/ddi/docs/tratados_multilaterales_suspencion_garantias_El_Salvador_nota_No_037-2026.pdf
Guatemala,2026-05-06,2026,OEA-M4-NV-094-2026,notif_oea_art27,,http://www.oas.org/es/sla/ddi/docs/tratados_multilaterales_suspencion_garantias_Guatemala_nota_No_M4-NV-094-26.pdf
Ecuador,2026-05-07,2026,4-2-115/2026,notif_oea_art27,,http://www.oas.org/es/sla/ddi/docs/tratados_multilaterales_suspencion_garantias_Ecuador_nota_No_4-2-115-2026.pdf
Perú,2026-05-08,2026,7-5-M/098,notif_oea_art27,,http://www.oas.org/es/sla/ddi/docs/tratados_multilaterales_suspencion_garantias_Peru_nota_No_7-5-M-111-2026.pdf
Chile,2026-05-08,2026,72-26,notif_oea_art27,,http://www.oas.org/es/sla/ddi/docs/tratados_multilaterales_suspencion_garantias_Chile_nota_No_72-26.pdf
Perú,2026-05-18,2026,7-5-M/105 con su respectivo anexo,notif_oea_art27,,http://www.oas.org/es/sla/ddi/docs/tratados_multilaterales_suspencion_garantias_Peru_nota_No_7-5-M-110-2026.pdf
Perú,2026-05-26,2026,7-5-M/110,notif_oea_art27,,http://www.oas.org/es/sla/ddi/docs/tratados_multilaterales_suspencion_garantias_Peru_nota_No_7-5-M-117-2026.pdf
El Salvador,2026-05-28,2026,MPOEA - OEA-046/2026,notif_oea_art27,,http://www.oas.org/es/sla/ddi/docs/tratados_multilaterales_suspencion_garantias_El_Salvador_nota_No_046-2026.pdf
Perú,2026-06-05,2026,7-5-M/118 con su respectivo anexo,notif_oea_art27,,http://www.oas.org/es/sla/ddi/docs/tratados_multilaterales_suspencion_garantias_Peru_nota_No_7-5-M-118-2026.pdf
Perú,2026-06-12,2026,7-5-M/121 con su respectivo anexo,notif_oea_art27,,http://www.oas.org/es/sla/ddi/docs/tratados_multilaterales_suspencion_garantias_Peru_nota_No_7-5-M-121-2026.pdf
Perú,2026-06-15,2026,7-5-M/123 con su respectivo anexo,notif_oea_art27,,http://www.oas.org/es/sla/ddi/docs/tratados_multilaterales_suspencion_garantias_Peru_nota_No_7-5-M-123-2026.pdf
Perú,2026-06-17,2026,7-5-M/128 con su respectivo anexo,notif_oea_art27,,http://www.oas.org/es/sla/ddi/docs/tratados_multilaterales_suspencion_garantias_Peru_nota_No_7-5-M-128-2026.pdf
Ecuador,2026-06-18,2026,4-2-161/2026,notif_oea_art27,,http://www.oas.org/es/sla/ddi/docs/tratados_multilaterales_suspencion_garantias_Ecuador_nota_No_4-2-161-2026.pdf
Bolivia,2026-06-21,2026,OI.US.-Cs-112/2026,notif_oea_art27,,http://www.oas.org/es/sla/ddi/docs/tratados_multilaterales_suspencion_garantias_Bolivia_nota_OI_US-Cs-112-2026.pdf
