pais,mes,anio,fuentes,excepcion
Chile,1976-09,1976,ONU,1
Uruguay,1979-07,1979,ONU,1
Colombia,1980-07,1980,ONU,1
Colombia,1982-10,1982,ONU,1
Ecuador,1983-05,1983,ONU,1
El Salvador,1983-11,1983,ONU,1
Ecuador,1984-03,1984,ONU,1
Colombia,1984-04,1984,ONU,1
Colombia,1984-06,1984,ONU,1
El Salvador,1984-06,1984,ONU,1
Colombia,1984-12,1984,ONU,1
El Salvador,1985-08,1985,ONU,1
Ecuador,1986-03,1986,ONU,1
Chile,1986-09,1986,ONU,1
Chile,1986-10,1986,ONU,1
Chile,1986-11,1986,ONU,1
Chile,1987-01,1987,ONU,1
Panamá,1987-06,1987,ONU,1
Panamá,1987-07,1987,ONU,1
Ecuador,1987-10,1987,ONU,1
Ecuador,1988-06,1988,ONU,1
Chile,1988-08,1988,ONU,1
Venezuela,1989-04,1989,ONU,1
Argentina,1989-06,1989,ONU,1
Argentina,1989-07,1989,ONU,1
El Salvador,1989-12,1989,ONU,1
Trinidad y Tobago,1990-11,1990,ONU,1
Suriname,1991-03,1991,ONU,1
Colombia,1991-08,1991,ONU,1
Venezuela,1992-02,1992,ONU,1
Venezuela,1992-05,1992,ONU,1
Colombia,1992-07,1992,ONU,1
Colombia,1992-11,1992,ONU,1
Venezuela,1992-12,1992,ONU,1
Venezuela,1993-03,1993,ONU,1
Colombia,1993-03,1993,ONU,1
Colombia,1994-05,1994,ONU,1
Colombia,1994-06,1994,ONU,1
Venezuela,1994-07,1994,ONU,1
Trinidad y Tobago,1995-08,1995,ONU,1
Venezuela,1995-09,1995,ONU,1
Colombia,1995-11,1995,ONU,1
Colombia,1996-03,1996,ONU,1
Colombia,1996-05,1996,ONU,1
Colombia,1996-06,1996,ONU,1
Colombia,1996-07,1996,ONU,1
Guatemala,1998-11,1998,ONU,1
Ecuador,1999-01,1999,ONU,1
Ecuador,1999-03,1999,ONU,1
Venezuela,1999-03,1999,ONU,1
Ecuador,1999-04,1999,ONU,1
Ecuador,1999-09,1999,ONU,1
Ecuador,1999-12,1999,ONU,1
Ecuador,2000-02,2000,ONU,1
Guatemala,2001-07,2001,ONU,1
Guatemala,2001-08,2001,ONU,1
Argentina,2001-12,2001,ONU,1
Argentina,2002-01,2002,ONU,1
Ecuador,2002-07,2002,ONU,1
Colombia,2002-08,2002,ONU,1
Colombia,2002-11,2002,ONU,1
Colombia,2003-02,2003,ONU,1
Jamaica,2004-09,2004,ONU,1
Jamaica,2004-10,2004,ONU,1
Ecuador,2005-08,2005,ONU,1
Guatemala,2005-10,2005,ONU,1
Ecuador,2006-04,2006,ONU,1
Guatemala,2006-09,2006,ONU,1
Guatemala,2006-12,2006,ONU,1
Perú,2007-01,2007,ONU,1
Perú,2007-02,2007,ONU,1
Perú,2007-03,2007,ONU,1
Perú,2007-04,2007,ONU,1
Perú,2007-06,2007,ONU,1
Perú,2007-07,2007,ONU,1
Jamaica,2007-08,2007,ONU,1
Perú,2007-09,2007,ONU,1
Perú,2008-01,2008,ONU,1
Perú,2008-02,2008,ONU,1
Perú,2008-03,2008,ONU,1
Perú,2008-05,2008,ONU,1
Guatemala,2008-05,2008,ONU,1
Guatemala,2008-06,2008,ONU,1
Perú,2008-07,2008,ONU,1
Perú,2008-08,2008,ONU,1
Perú,2008-09,2008,ONU,1
Guatemala,2008-10,2008,ONU,1
Colombia,2008-10,2008,ONU,1
Perú,2008-11,2008,ONU,1
Perú,2008-12,2008,ONU,1
Perú,2009-01,2009,ONU,1
Perú,2009-03,2009,ONU,1
Guatemala,2009-04,2009,ONU,1
Perú,2009-04,2009,ONU,1
Guatemala,2009-05,2009,ONU,1
Perú,2009-05,2009,ONU,1
Perú,2009-06,2009,ONU,1
Perú,2009-07,2009,ONU,1
Perú,2009-09,2009,ONU,1
Perú,2009-11,2009,ONU,1
Perú,2010-01,2010,ONU,1
Guatemala,2010-02,2010,ONU,1
Bolivia,2010-03,2010,ONU,1
Guatemala,2010-03,2010,ONU,1
Chile,2010-03,2010,ONU,1
Perú,2010-04,2010,ONU,1
Guatemala,2010-04,2010,ONU,1
Paraguay,2010-04,2010,ONU,1
Perú,2010-05,2010,ONU,1
Guatemala,2010-05,2010,ONU,1
Jamaica,2010-06,2010,ONU,1
Guatemala,2010-06,2010,ONU,1
Guatemala,2010-07,2010,ONU,1
Guatemala,2010-08,2010,ONU,1
Perú,2010-08,2010,ONU,1
Colombia,2010-08,2010,ONU,1
Perú,2010-09,2010,ONU,1
Perú,2010-11,2010,ONU,1
Guatemala,2010-12,2010,ONU,1
Guatemala,2011-01,2011,ONU,1
Guatemala,2011-05,2011,ONU,1
Guatemala,2011-06,2011,ONU,1
Guatemala,2011-07,2011,ONU,1
Guatemala,2011-08,2011,ONU,1
Guatemala,2011-09,2011,ONU,1
Trinidad y Tobago,2011-09,2011,ONU,1
Guatemala,2011-10,2011,ONU,1
Perú,2011-12,2011,ONU,1
Trinidad y Tobago,2011-12,2011,ONU,1
Perú,2012-05,2012,ONU,1
Perú,2012-06,2012,ONU,1
Guatemala,2012-06,2012,ONU,1
Perú,2012-07,2012,ONU,1
Perú,2012-08,2012,ONU,1
Perú,2012-10,2012,ONU,1
Guatemala,2012-11,2012,ONU,1
Perú,2012-12,2012,ONU,1
Guatemala,2012-12,2012,ONU,1
Guatemala,2013-01,2013,ONU,1
Guatemala,2013-02,2013,ONU,1
Perú,2013-03,2013,ONU,1
Perú,2013-05,2013,ONU,1
Perú,2013-07,2013,ONU,1
Perú,2013-10,2013,ONU,1
Perú,2013-12,2013,ONU,1
Perú,2014-01,2014,OEA+ONU,1
Perú,2014-04,2014,ONU,1
Perú,2014-06,2014,OEA+ONU,1
Perú,2014-08,2014,OEA+ONU,1
Perú,2014-09,2014,OEA,1
Guatemala,2014-09,2014,ONU,1
Guatemala,2014-10,2014,ONU,1
Perú,2014-11,2014,OEA,1
Guatemala,2014-11,2014,ONU,1
Perú,2014-12,2014,ONU,1
Guatemala,2014-12,2014,OEA,1
Perú,2015-02,2015,OEA+ONU,1
Perú,2015-06,2015,OEA,1
Perú,2015-07,2015,ONU,1
Perú,2015-10,2015,OEA,1
Colombia,2015-10,2015,OEA,1
Perú,2015-11,2015,OEA,1
Perú,2015-12,2015,OEA+ONU,1
Perú,2016-03,2016,OEA+ONU,1
Ecuador,2016-04,2016,OEA,1
Ecuador,2016-06,2016,ONU,1
Perú,2016-06,2016,OEA+ONU,1
Ecuador,2016-07,2016,ONU,1
Perú,2016-07,2016,OEA+ONU,1
Guatemala,2016-08,2016,ONU,1
Perú,2016-08,2016,ONU,1
Perú,2016-09,2016,OEA+ONU,1
Guatemala,2016-09,2016,ONU,1
Guatemala,2016-10,2016,ONU,1
Perú,2016-10,2016,ONU,1
Perú,2016-11,2016,OEA+ONU,1
Ecuador,2016-11,2016,OEA,1
Ecuador,2016-12,2016,ONU,1
Perú,2016-12,2016,ONU,1
Ecuador,2017-01,2017,OEA,1
Ecuador,2017-02,2017,ONU,1
Perú,2017-02,2017,ONU,1
Ecuador,2017-03,2017,ONU,1
Perú,2017-04,2017,ONU,1
Guatemala,2017-05,2017,ONU,1
Ecuador,2017-06,2017,ONU,1
Guatemala,2017-06,2017,OEA+ONU,1
Perú,2017-06,2017,OEA+ONU,1
Guatemala,2017-07,2017,OEA,1
Perú,2017-08,2017,OEA,1
Perú,2017-09,2017,ONU,1
Honduras,2017-12,2017,OEA,1
Ecuador,2018-01,2018,ONU,1
Perú,2018-01,2018,OEA+ONU,1
Jamaica,2018-01,2018,OEA+ONU,1
Ecuador,2018-02,2018,ONU,1
Ecuador,2018-03,2018,OEA,1
Ecuador,2018-04,2018,OEA+ONU,1
Perú,2018-05,2018,OEA,1
Perú,2018-06,2018,ONU,1
Perú,2018-07,2018,ONU,1
Perú,2019-01,2019,OEA,1
Perú,2019-02,2019,ONU,1
Perú,2019-05,2019,OEA+ONU,1
Ecuador,2019-07,2019,OEA+ONU,1
Perú,2019-07,2019,OEA,1
Perú,2019-08,2019,ONU,1
Guatemala,2019-09,2019,OEA+ONU,1
Perú,2019-10,2019,OEA,1
Ecuador,2019-10,2019,OEA+ONU,1
Chile,2019-10,2019,OEA,1
Ecuador,2019-11,2019,OEA,1
Perú,2019-11,2019,ONU,1
Perú,2019-12,2019,OEA+ONU,1
Guatemala,2020-01,2020,OEA+ONU,1
Guatemala,2020-02,2020,ONU,1
Guatemala,2020-03,2020,OEA+ONU,1
Ecuador,2020-03,2020,OEA+ONU,1
Colombia,2020-03,2020,OEA+ONU,1
Perú,2020-03,2020,OEA+ONU,1
Bolivia,2020-03,2020,OEA,1
Chile,2020-03,2020,OEA+ONU,1
Panamá,2020-03,2020,OEA,1
Honduras,2020-03,2020,OEA,1
Argentina,2020-03,2020,OEA,1
República Dominicana,2020-03,2020,OEA,1
Argentina,2020-04,2020,OEA,1
El Salvador,2020-04,2020,OEA+ONU,1
República Dominicana,2020-04,2020,OEA,1
Colombia,2020-04,2020,OEA+ONU,1
Honduras,2020-04,2020,OEA,1
Perú,2020-04,2020,OEA+ONU,1
Bolivia,2020-04,2020,OEA,1
Guatemala,2020-04,2020,OEA+ONU,1
República Dominicana,2020-05,2020,OEA,1
Bolivia,2020-05,2020,OEA,1
Suriname,2020-05,2020,OEA,1
Perú,2020-05,2020,OEA+ONU,1
Colombia,2020-05,2020,OEA+ONU,1
El Salvador,2020-05,2020,ONU,1
Paraguay,2020-05,2020,OEA,1
Ecuador,2020-05,2020,OEA,1
Guatemala,2020-05,2020,OEA+ONU,1
Honduras,2020-05,2020,OEA,1
Argentina,2020-05,2020,OEA,1
Colombia,2020-06,2020,OEA+ONU,1
Argentina,2020-06,2020,OEA+ONU,1
República Dominicana,2020-06,2020,OEA+ONU,1
Guatemala,2020-06,2020,OEA+ONU,1
Panamá,2020-06,2020,OEA,1
Perú,2020-06,2020,OEA+ONU,1
Venezuela,2020-06,2020,OEA,1
Paraguay,2020-06,2020,OEA,1
Ecuador,2020-06,2020,OEA+ONU,1
Chile,2020-06,2020,OEA+ONU,1
República Dominicana,2020-07,2020,OEA+ONU,1
Bolivia,2020-07,2020,OEA,1
Guatemala,2020-07,2020,OEA+ONU,1
Paraguay,2020-07,2020,OEA+ONU,1
Honduras,2020-07,2020,OEA,1
Perú,2020-07,2020,OEA,1
Jamaica,2020-07,2020,OEA,1
Argentina,2020-07,2020,OEA,1
Panamá,2020-07,2020,OEA,1
Argentina,2020-08,2020,OEA,1
Paraguay,2020-08,2020,OEA+ONU,1
Guatemala,2020-08,2020,OEA+ONU,1
Perú,2020-08,2020,OEA+ONU,1
República Dominicana,2020-08,2020,OEA,1
Ecuador,2020-08,2020,OEA+ONU,1
Panamá,2020-08,2020,OEA,1
Argentina,2020-09,2020,OEA,1
República Dominicana,2020-09,2020,OEA+ONU,1
Perú,2020-09,2020,OEA+ONU,1
Guatemala,2020-09,2020,OEA+ONU,1
Paraguay,2020-09,2020,OEA+ONU,1
Chile,2020-09,2020,OEA+ONU,1
Panamá,2020-09,2020,OEA,1
Perú,2020-10,2020,ONU,1
Paraguay,2020-10,2020,OEA+ONU,1
Argentina,2020-10,2020,OEA,1
Ecuador,2020-10,2020,OEA+ONU,1
República Dominicana,2020-10,2020,OEA,1
Panamá,2020-10,2020,OEA,1
Perú,2020-11,2020,OEA+ONU,1
Argentina,2020-11,2020,OEA,1
República Dominicana,2020-11,2020,OEA,1
Paraguay,2020-11,2020,OEA,1
Guatemala,2020-11,2020,OEA+ONU,1
República Dominicana,2020-12,2020,OEA,1
Argentina,2020-12,2020,OEA,1
Guatemala,2020-12,2020,OEA+ONU,1
Perú,2020-12,2020,OEA+ONU,1
Paraguay,2020-12,2020,OEA,1
Chile,2020-12,2020,OEA+ONU,1
Ecuador,2020-12,2020,OEA+ONU,1
Paraguay,2021-01,2021,OEA,1
Argentina,2021-01,2021,OEA,1
Ecuador,2021-01,2021,OEA+ONU,1
Perú,2021-01,2021,OEA+ONU,1
Guatemala,2021-01,2021,OEA+ONU,1
República Dominicana,2021-01,2021,OEA,1
Argentina,2021-02,2021,OEA,1
Paraguay,2021-02,2021,OEA+ONU,1
Perú,2021-02,2021,ONU,1
República Dominicana,2021-02,2021,OEA+ONU,1
República Dominicana,2021-03,2021,OEA,1
Perú,2021-03,2021,ONU,1
Argentina,2021-03,2021,OEA,1
Paraguay,2021-03,2021,OEA,1
Perú,2021-04,2021,ONU,1
Ecuador,2021-04,2021,OEA+ONU,1
Guatemala,2021-04,2021,OEA+ONU,1
Argentina,2021-04,2021,OEA,1
Paraguay,2021-04,2021,OEA,1
Panamá,2021-04,2021,OEA,1
República Dominicana,2021-04,2021,OEA,1
Uruguay,2021-04,2021,OEA,1
Argentina,2021-05,2021,OEA,1
Perú,2021-05,2021,OEA+ONU,1
República Dominicana,2021-05,2021,OEA+ONU,1
República Dominicana,2021-06,2021,OEA+ONU,1
Perú,2021-06,2021,OEA,1
Paraguay,2021-06,2021,OEA,1
Argentina,2021-06,2021,OEA,1
Trinidad y Tobago,2021-06,2021,ONU,1
Perú,2021-07,2021,OEA+ONU,1
República Dominicana,2021-07,2021,OEA,1
Paraguay,2021-07,2021,OEA,1
Argentina,2021-07,2021,OEA,1
Ecuador,2021-07,2021,OEA+ONU,1
Perú,2021-08,2021,OEA+ONU,1
República Dominicana,2021-08,2021,OEA,1
Argentina,2021-08,2021,OEA,1
Guatemala,2021-08,2021,OEA,1
Paraguay,2021-08,2021,OEA,1
Ecuador,2021-08,2021,OEA,1
Argentina,2021-09,2021,OEA+ONU,1
Argentina,2021-10,2021,OEA,1
Perú,2021-10,2021,OEA+ONU,1
Paraguay,2021-10,2021,OEA+ONU,1
Ecuador,2021-10,2021,OEA,1
República Dominicana,2021-10,2021,OEA,1
Guatemala,2021-10,2021,OEA+ONU,1
Chile,2021-10,2021,OEA,1
Paraguay,2021-11,2021,OEA,1
Chile,2021-11,2021,OEA,1
Perú,2021-11,2021,OEA+ONU,1
Ecuador,2021-11,2021,OEA,1
Guatemala,2021-11,2021,OEA+ONU,1
Perú,2021-12,2021,OEA+ONU,1
Paraguay,2021-12,2021,OEA,1
Chile,2021-12,2021,OEA,1
Argentina,2021-12,2021,OEA,1
Guatemala,2021-12,2021,OEA+ONU,1
Argentina,2022-01,2022,OEA,1
Perú,2022-01,2022,OEA+ONU,1
Chile,2022-01,2022,OEA,1
Guatemala,2022-01,2022,OEA+ONU,1
Paraguay,2022-01,2022,OEA,1
Chile,2022-02,2022,OEA,1
Paraguay,2022-02,2022,OEA,1
Chile,2022-03,2022,OEA,1
El Salvador,2022-03,2022,OEA+ONU,1
Perú,2022-03,2022,OEA,1
Perú,2022-04,2022,OEA+ONU,1
El Salvador,2022-04,2022,ONU,1
Perú,2022-05,2022,OEA+ONU,1
Perú,2022-06,2022,OEA+ONU,1
Guatemala,2022-06,2022,OEA+ONU,1
El Salvador,2022-06,2022,OEA+ONU,1
Ecuador,2022-06,2022,ONU,1
Ecuador,2022-07,2022,OEA+ONU,1
Perú,2022-07,2022,OEA+ONU,1
Guatemala,2022-07,2022,OEA+ONU,1
Paraguay,2022-07,2022,ONU,1
El Salvador,2022-07,2022,OEA+ONU,1
Perú,2022-08,2022,OEA+ONU,1
Ecuador,2022-08,2022,OEA+ONU,1
El Salvador,2022-08,2022,OEA,1
Perú,2022-09,2022,OEA+ONU,1
Ecuador,2022-09,2022,OEA+ONU,1
El Salvador,2022-09,2022,OEA,1
Perú,2022-10,2022,ONU,1
Guatemala,2022-10,2022,OEA+ONU,1
República Dominicana,2022-10,2022,OEA,1
El Salvador,2022-10,2022,OEA,1
Ecuador,2022-11,2022,OEA+ONU,1
El Salvador,2022-11,2022,OEA+ONU,1
Perú,2022-12,2022,OEA+ONU,1
El Salvador,2022-12,2022,OEA,1
Perú,2023-01,2023,OEA+ONU,1
El Salvador,2023-01,2023,OEA,1
Perú,2023-02,2023,OEA+ONU,1
El Salvador,2023-03,2023,OEA,1
Ecuador,2023-03,2023,OEA+ONU,1
Perú,2023-03,2023,OEA+ONU,1
Ecuador,2023-04,2023,OEA+ONU,1
Perú,2023-04,2023,OEA+ONU,1
El Salvador,2023-04,2023,OEA,1
Perú,2023-05,2023,OEA+ONU,1
El Salvador,2023-05,2023,OEA+ONU,1
Perú,2023-06,2023,OEA+ONU,1
El Salvador,2023-06,2023,OEA,1
Colombia,2023-07,2023,OEA,1
Perú,2023-07,2023,OEA+ONU,1
Ecuador,2023-07,2023,OEA+ONU,1
El Salvador,2023-07,2023,OEA,1
Colombia,2023-08,2023,OEA,1
Perú,2023-08,2023,OEA+ONU,1
Chile,2023-08,2023,OEA+ONU,1
Ecuador,2023-08,2023,OEA+ONU,1
El Salvador,2023-08,2023,OEA,1
Perú,2023-09,2023,OEA+ONU,1
El Salvador,2023-10,2023,OEA,1
Perú,2023-10,2023,OEA+ONU,1
Ecuador,2023-10,2023,OEA,1
Chile,2023-10,2023,OEA+ONU,1
Perú,2023-11,2023,ONU,1
El Salvador,2023-11,2023,OEA,1
Perú,2023-12,2023,OEA+ONU,1
El Salvador,2023-12,2023,OEA,1
Chile,2023-12,2023,OEA+ONU,1
Perú,2024-01,2024,OEA+ONU,1
Ecuador,2024-01,2024,OEA+ONU,1
El Salvador,2024-01,2024,OEA,1
Perú,2024-02,2024,OEA+ONU,1
Chile,2024-02,2024,OEA+ONU,1
El Salvador,2024-02,2024,OEA,1
Chile,2024-03,2024,OEA+ONU,1
Perú,2024-03,2024,OEA+ONU,1
Ecuador,2024-03,2024,OEA+ONU,1
El Salvador,2024-03,2024,OEA,1
Perú,2024-04,2024,OEA+ONU,1
Ecuador,2024-04,2024,OEA,1
El Salvador,2024-04,2024,OEA,1
Ecuador,2024-05,2024,OEA+ONU,1
Chile,2024-05,2024,OEA+ONU,1
Perú,2024-05,2024,OEA+ONU,1
El Salvador,2024-05,2024,OEA,1
Perú,2024-06,2024,OEA+ONU,1
El Salvador,2024-06,2024,OEA,1
Ecuador,2024-07,2024,OEA+ONU,1
Perú,2024-07,2024,OEA+ONU,1
Chile,2024-07,2024,OEA,1
El Salvador,2024-07,2024,OEA,1
Perú,2024-08,2024,OEA+ONU,1
Ecuador,2024-08,2024,OEA+ONU,1
El Salvador,2024-08,2024,OEA,1
Perú,2024-09,2024,OEA+ONU,1
Ecuador,2024-09,2024,OEA+ONU,1
Chile,2024-09,2024,OEA,1
El Salvador,2024-09,2024,OEA,1
Perú,2024-10,2024,OEA+ONU,1
Ecuador,2024-10,2024,OEA+ONU,1
El Salvador,2024-10,2024,OEA,1
Perú,2024-11,2024,OEA+ONU,1
Chile,2024-11,2024,OEA,1
El Salvador,2024-11,2024,OEA,1
Perú,2024-12,2024,OEA+ONU,1
El Salvador,2024-12,2024,OEA,1
Trinidad y Tobago,2024-12,2024,ONU,1
Perú,2025-01,2025,ONU,1
Ecuador,2025-01,2025,OEA+ONU,1
Chile,2025-01,2025,OEA,1
El Salvador,2025-01,2025,OEA,1
Colombia,2025-01,2025,OEA,1
Trinidad y Tobago,2025-01,2025,ONU,1
Perú,2025-02,2025,OEA+ONU,1
El Salvador,2025-02,2025,OEA,1
Chile,2025-02,2025,OEA+ONU,1
Colombia,2025-02,2025,OEA,1
Perú,2025-03,2025,OEA+ONU,1
Chile,2025-03,2025,ONU,1
Colombia,2025-04,2025,OEA,1
Perú,2025-04,2025,OEA+ONU,1
El Salvador,2025-04,2025,OEA,1
Ecuador,2025-04,2025,OEA+ONU,1
Trinidad y Tobago,2025-04,2025,ONU,1
Perú,2025-05,2025,OEA+ONU,1
Chile,2025-05,2025,OEA,1
Perú,2025-06,2025,OEA+ONU,1
Ecuador,2025-06,2025,ONU,1
El Salvador,2025-06,2025,OEA,1
Panamá,2025-06,2025,OEA,1
Perú,2025-07,2025,OEA+ONU,1
Perú,2025-08,2025,OEA+ONU,1
Ecuador,2025-08,2025,ONU,1
El Salvador,2025-08,2025,OEA,1
Perú,2025-09,2025,OEA+ONU,1
Chile,2025-09,2025,OEA,1
Ecuador,2025-09,2025,ONU,1
El Salvador,2025-09,2025,OEA,1
Ecuador,2025-10,2025,ONU,1
Perú,2025-10,2025,OEA+ONU,1
El Salvador,2025-10,2025,OEA,1
Ecuador,2025-11,2025,ONU,1
Chile,2025-11,2025,OEA,1
Perú,2025-11,2025,OEA+ONU,1
El Salvador,2025-11,2025,OEA,1
Perú,2025-12,2025,OEA+ONU,1
Colombia,2025-12,2025,OEA,1
El Salvador,2025-12,2025,OEA,1
Ecuador,2026-01,2026,OEA+ONU,1
Perú,2026-01,2026,OEA+ONU,1
Chile,2026-01,2026,OEA+ONU,1
Guatemala,2026-01,2026,OEA+ONU,1
El Salvador,2026-01,2026,OEA,1
Colombia,2026-01,2026,OEA,1
Perú,2026-02,2026,OEA+ONU,1
Colombia,2026-02,2026,OEA,1
Guatemala,2026-02,2026,OEA+ONU,1
Chile,2026-02,2026,OEA+ONU,1
El Salvador,2026-02,2026,OEA,1
Ecuador,2026-03,2026,OEA+ONU,1
Perú,2026-03,2026,OEA+ONU,1
Chile,2026-03,2026,OEA,1
Guatemala,2026-03,2026,OEA+ONU,1
El Salvador,2026-03,2026,OEA,1
Perú,2026-04,2026,OEA,1
Ecuador,2026-04,2026,OEA+ONU,1
Guatemala,2026-04,2026,OEA+ONU,1
Trinidad y Tobago,2026-04,2026,ONU,1
Colombia,2026-04,2026,OEA,1
El Salvador,2026-05,2026,OEA,1
Guatemala,2026-05,2026,OEA+ONU,1
Ecuador,2026-05,2026,OEA,1
Perú,2026-05,2026,OEA+ONU,1
Chile,2026-05,2026,OEA,1
Perú,2026-06,2026,OEA,1
Ecuador,2026-06,2026,OEA+ONU,1
Bolivia,2026-06,2026,OEA,1
